stock_id,law_office_name
600000,上海市锦天城律师事务所
600004,北京市奋迅律师事务所
600006,北京市通商律师事务所
600007,北京大成律师事务所
600008,北京天达共和律师事务所
600009,上海市锦天城律师事务所
600010,内蒙古建中律师事务所
600011,"北京市海问律师事务所,史密夫斐尔律师事务所,世达国际律师事务所"
600012,安徽安泰达律师事务所
600015,北京天达共和律师事务所
600016,"国浩律师(北京)事务所,香港高伟绅律师行"
600017,北京长安律师事务所
600018,上海市金茂律师事务所
600019,上海市方达律师事务所
600020,北京市嘉源律师事务所
600021,北京市中咨律师事务所
600022,山东齐鲁律师事务所
600023,浙江天册律师事务所
600025,北京市海问律师事务所
600026,国浩律师(上海)事务所
600027,北京市海问律师事务所
600028,北京市海问律师事务所
600029,"广东正平天成律师事务所,欧华律师事务所"
600030,北京德恒律师事务所
600031,湖南启元律师事务所
600033,福建至理律师事务所
600035,湖北首义律师事务所
600036,"北京市君合(深圳)律师事务所,史密夫·斐尔律师事务所"
600037,北京市中银律师事务所
600038,北京市嘉源律师事务所
600039,北京康达(成都)律师事务所
600048,北京德恒律师事务所
600050,北京市通商律师事务所
600051,浙江波宁律师事务所
600052,浙江天册律师事务所
600053,北京大成律师事务所
600054,安徽天禾律师事务所
600055,北京市君合律师事务所
600056,北京市竞天公诚律师事务所
600057,福建天衡联合律师事务所
600058,北京中博律师事务所
600059,上海市锦天城律师事务所
600060,北京德和衡律师事务所
600061,北京天达共和律师事务所
600062,北京李伟斌律师事务所
600063,上海市通力律师事务所
600064,国浩律师(南京)事务所
600066,北京市通商律师事务所
600067,北京大成(福州)律师事务所
600068,湖北首义律师事务所
600069,河南陆达律师事务所
600070,国浩律师(杭州)事务所
600071,国浩律师(上海)事务所
600072,上海市上正律师事务所
600073,北京颐合中鸿(上海)律师事务所
600074,北京国枫(深圳)律师事务所
600075,新疆天阳律师事务所
600076,北京雍行律师事务所
600077,上海市锦天城律师事务所
600078,北京国枫律师事务所
600079,湖北山河律师事务所
600080,北京市嘉源律师事务所
600081,上海市金茂律师事务所
600082,天津渤海律师事务所
600083,广东广大律师事务所
600084,新疆天阳律师事务所
600085,北京海润天睿律师事务所
600086,国浩律师(武汉)事务所
600088,广东广大律师事务所
600089,新疆天阳律师事务所
600090,北京德恒律师事务所
600091,北京市中伦律师事务所
600093,云南凌云律师事务所
600094,上海市上正律师事务所
600095,黑龙江鸿旭律师事务所
600096,北京德恒(昆明)律师事务所
600097,国浩律师(上海)事务所
600098,广州金鹏律师事务所
600099,江苏世纪同仁律师事务所
600100,北京市天元律师事务所
600101,北京康达(成都)律师事务所
600103,福建至理律师事务所
600104,中豪律师集团(上海)事务所
600105,江苏竹辉律师事务所
600106,北京市中伦(重庆)律师事务所
600107,湖北安格律师事务所
600108,甘肃玉榕律师事务所
600109,北京市金杜律师事务所
600110,国浩律师(上海)事务所
600111,内蒙古建中律师事务所
600112,北京市中伦(重庆)律师事务所
600113,浙江天册律师事务所
600114,上海市锦天城律师事务所
600115,北京市通商律师事务所
600116,重庆源伟律师事务所
600117,青海捷传律师事务所
600118,北京市天元律师事务所
600119,上海市万联律师事务所
600120,浙江天册律师事务所
600121,河南金苑律师事务所
600122,江苏高的律师事务所
600123,中勤律师事务所
600125,北京德恒律师事务所
600126,国浩律师(杭州)事务所
600127,湖南启元律师事务所
600128,国浩律师(南京)事务所
600129,北京市中银(成都)律师事务所
600130,北京炜衡(宁波)律师事务所
600131,北京大成(成都)律师事务所
600132,北京市中伦(重庆)律师事务所
600133,北京市君泽君(上海)律师事务所
600135,北京金诚同达律师事务所
600136,北京达晓律师事务所
600137,浙江现代阳光律师事务所
600138,北京市中永律师事务所
600139,北京康达(成都)律师事务所
600141,北京中伦(武汉)律师事务所
600143,广东南国德赛律师事务所
600145,新疆天阳律师事务所
600146,上海宏仑宇君律师事务所
600148,吉林功承律师事务所
600149,北京德恒律师事务所
600150,万商天勤(上海)律师事务所
600151,上海市通力律师事务所
600152,浙江和义观达律师事务所
600153,福建天衡联合律师事务所
600155,北京德恒律师事务所
600156,湖南湘楚律师事务所
600157,上海市锦天城律师事务所
600158,北京市金杜律师事务所
600159,北京海润天睿律师事务所
600160,国浩律师(杭州)事务所
600161,北京市嘉源律师事务所
600162,北京国枫(深圳)律师事务所
600163,北京大成(福州)律师事务所
600165,北京大成(银川)律师事务所
600166,北京市中伦律师事务所
600167,北京德恒律师事务所
600168,湖北瑞通天元律师事务所
600169,山西德为律师事务所
600170,金茂凯德律师事务所
600171,国浩律师(上海)事务所
600172,河南世纪通律师事务所
600173,北京市金杜律师事务所
600175,国浩律师(杭州)事务所
600176,北京市嘉源律师事务所
600177,浙江和义观达律师事务所
600178,黑龙江江铭律师事务所
600179,北京市金杜律师事务所
600180,北京市中伦律师事务所
600182,上海市方达律师事务所
600183,广东中信协诚律师事务所
600184,陕西岚光律师事务所
600185,广东莱特律师事务所
600186,河南陆达律师事务所
600187,上海市通力律师事务所
600188,北京市金杜律师事务所
600189,吉林今典律师事务所
600190,北京德恒律师事务所
600191,北京市君致律师事务所
600192,甘肃正天合律师事务所
600193,上海市上正律师事务所
600195,北京金诚同达律师事务所
600196,"国浩律师(上海)事务所,礼德齐伯礼律师事务所"
600197,新疆天阳律师事务所
600198,北京市君泽君律师事务所
600199,安徽天禾律师事务所
600200,北京市天银律师事务所
600201,经世律师事务所
600202,黑龙江仁大律师事务所
600203,福建闽天律师事务所
600206,北京市汉达律师事务所
600207,大沧海律师事务所
600208,国浩律师(杭州)事务所
600209,北京市竞天公诚律师事务所
600210,国浩律师(上海)事务所
600211,四川良禾律师事务所
600212,北京市盈科(深圳)律师事务所
600213,国浩律师(南京)事务所
600215,吉林超远律师事务所
600216,国浩律师(上海)事务所
600217,北京市中伦文德律师事务所
600218,安徽承义律师事务所
600219,北京市浩天信和律师事务所
600220,江苏世纪同仁律师事务所
600221,国浩律师(上海)事务所
600222,河南仟问律师事务所
600223,山东舜翔律师事务所
600225,北京海润天睿律师事务所
600226,国浩律师(杭州)事务所
600227,北京国枫律师事务所
600228,北京市中伦律师事务所
600229,北京市中伦律师事务所
600230,北京市嘉源律师事务所
600231,北京市重光律师事务所
600232,国浩律师(杭州)事务所
600233,北京市金杜律师事务所
600234,北京大成(上海)律师事务所
600235,浙江圣文律师事务所
600236,上海东方华银律师事务所
600237,安徽安泰达律师事务所
600238,海南华禾律师事务所
600239,北京国枫律师事务所
600240,北京海润天睿律师事务所
600241,辽宁恒信律师事务所
600242,上海市锦天城律师事务所
600243,国信信扬律师事务所
600246,北京市万思恒律师事务所
600247,上海尧正律师事务所
600248,陕西希格玛律师事务所
600249,北京市盈科(南宁)律师事务所
600250,上海市锦天城(南京)律师事务所
600251,北京国枫律师事务所
600252,国浩律师(南宁)事务所
600255,安徽天禾律师事务所
600256,北京国枫律师事务所
600257,湖南启元律师事务所
600258,北京市中伦文德律师事务所
600259,广东君厚律师事务所
600260,湖北正信律师事务所
600261,上海市锦天城律师事务所
600262,内蒙古承达律师事务所
600265,北京德恒(昆明)律师事务所
600266,北京市合川律师事务所
600267,上海市锦天城律师事务所
600268,北京市大成(南京)律师事务所
600269,上海市锦天城律师事务所
600271,北京德恒律师事务所
600272,上海序伦律师事务所
600273,北京海润天睿律师事务所
600275,北京市仁人德赛律师事务所
600276,国浩律师(南京)事务所
600277,北京市中伦律师事务所
600278,金茂凯德律师事务所
600279,四川联一律师事务所
600280,北京大成(上海)律师事务所
600281,山西恒一律师事务所
600282,江苏泰和律师事务所
600283,浙江天杭律师事务所
600284,金茂凯德律师事务所
600285,北京金台(武汉)律师事务所
600287,北京市大成(南京)律师事务所
600288,北京市联拓律师事务所
600289,北京大成(上海)律师事务所
600290,北京纬文律师事务所
600291,经世律师事务所
600292,重庆天乾律师事务所
600293,湖北首义律师事务所
600295,内蒙古建中律师事务所
600297,北京市海问律师事务所
600298,湖北瑞通天元律师事务所
600299,北京市金杜律师事务所
600300,北京天达共和律师事务所
600301,北京大成(南宁)律师事务所
600302,陕西金吉律师事务所
600303,北京市金杜律师事务所
600305,江苏世纪同仁律师事务所
600306,辽宁成功金盟律师事务所
600307,甘肃明昊律师事务所
600308,北京大成(上海)律师事务所
600309,北京市华堂律师事务所
600310,北京大成(南宁)律师事务所
600311,上海市汇业(兰州)律师事务所
600312,北京市众天中瑞律师事务所
600313,北京金诚同达律师事务所
600315,国浩律师(上海)事务所
600316,北京市嘉源律师事务所
600317,北京市中伦律师事务所
600318,安徽承义律师事务所
600319,贵州朝华明鑫律师事务所
600320,国浩律师(上海)事务所
600321,北京德恒(成都)律师事务所
600322,天津嘉德恒时律师事务所
600323,广东君厚律师事务所
600325,广东恒益律师事务所
600326,四川智力律师事务所
600327,北京国枫律师事务所
600328,内蒙古加度律师事务所
600329,北京观韬(天津)律师事务所
600330,国浩律师(杭州)事务所
600331,北京市中银(成都)律师事务所
600332,北京市中伦(广州)律师事务所
600333,北京市康达律师事务所
600335,北京市天元律师事务所
600336,北京市康达律师事务所
600337,北京国枫律师事务所
600338,国浩律师(上海)事务所
600339,北京市金杜律师事务所
600340,北京市天元律师事务所
600343,北京市嘉源律师事务所
600345,湖北立丰律师事务所
600346,北京市天元律师事务所
600348,北京国枫律师事务所
600350,北京市地平线律师事务所
600351,中勤律师事务所
600352,浙江天册律师事务所
600353,北京市天元(成都)律师事务所
600354,甘肃经天地律师事务所
600355,北京天达共和(武汉)律师事务所
600356,北京市时代九和律师事务所
600358,北京市嘉源律师事务所上海分所
600359,北京国枫律师事务所
600360,吉林功承律师事务所
600361,北京市海问律师事务所
600362,北京市海问律师事务所
600363,江西华邦律师事务所
600365,北京市金杜律师事务所
600366,浙江和义观达律师事务所
600367,北京市京师律师事务所
600368,国浩律师(南宁)事务所
600369,重庆索通律师事务所
600370,江苏世纪同仁律师事务所
600371,黑龙江国安律师事务所
600372,北京市嘉源律师事务所
600373,北京市中伦(广州)律师事务所
600375,上海市锦天城律师事务所
600376,北京大成律师事务所
600377,江苏世纪同仁律师事务所
600378,北京市北斗鼎铭律师事务所
600379,上海市锦天城(西安)律师事务所
600380,北京德恒(深圳)律师事务所
600381,青海树人律师事务所
600382,广东国声律师事务所
600383,北京市中伦(深圳)律师事务所
600385,山东博翰源律师事务所
600386,北京市经纬律师事务所
600387,国浩律师(杭州)事务所
600388,福建力涵律师事务所
600389,上海市浩信律师事务所
600390,湖南启元律师事务所
600391,北京市众天律师事务所
600392,北京市嘉润律师事务所
600393,北京市金杜律师事务所
600395,贵州道援律师事务所
600396,北京金诚同达律师事务所沈阳分所
600397,江西宏正律师事务所
600398,国浩律师(上海)事务所
600399,北京市金杜律师事务所
600400,江苏世纪同仁律师事务所
600403,河南金学苑律师事务所
600405,北京市嘉源律师事务所
600406,上海东方华银律师事务所
600408,北京市竞天公诚律师事务所
600409,北京高朋律师事务所
600410,北京市浩天信和律师事务所
600415,国浩律师(杭州)事务所
600416,广东华商律师事务所
600418,上海市通力律师事务所
600419,北京国枫律师事务所
600420,北京市中银(上海)律师事务所
600421,北京金台(武汉)律师事务所
600422,北京德恒(昆明)律师事务所
600423,广东华商(长沙)律师事务所
600425,北京市中伦(上海)律师事务所
600426,北京国枫律师事务所
600428,北京市中伦(广州)律师事务所
600429,北京大成律师事务所
600433,北京市康达律师事务所
600435,北京市众天律师事务所
600436,北京市中瑞律师事务所
600438,北京市金杜律师事务所
600439,国浩律师(上海)事务所
600444,安徽承义律师事务所
600446,广东信达律师事务所
600448,国浩律师(北京)事务所
600449,宁夏兴业律师事务所
600452,重庆源伟律师事务所
600455,北京金诚同达律师事务所西安分所
600456,北京观韬(西安)律师事务所
600458,湖南启元律师事务所
600459,北京德恒(昆明)律师事务所
600460,国浩律师(杭州)事务所
600461,江西华邦律师事务所
600462,国浩律师(上海)事务所
600463,北京海润天睿律师事务所
600466,泰和泰律师事务所
600467,国浩律师(上海)事务所
600468,上海锦天城(天津)律师事务所
600469,北京市嘉源律师事务所
600470,安徽天禾律师事务所
600475,上海市广发律师事务所
600476,湖南启元律师事务所
600477,浙江天册律师事务所
600478,湖南启元律师事务所
600479,湖南启元律师事务所
600480,北京市嘉源律师事务所
600481,上海市通力律师事务所
600482,北京市金杜律师事务所
600483,福建至理律师事务所
600485,上海市锦天城律师事务所
600486,国浩律师(南京)事务所
600487,安徽承义律师事务所
600488,天津长实律师事务所
600489,天津金诺(北京)律师事务所
600490,国浩律师(上海)事务所
600491,北京国枫律师事务所
600493,福建至理律师事务所
600495,北京市康达律师事务所
600496,国浩律师(上海)事务所
600497,北京德恒(昆明)律师事务所
600498,湖北得伟君尚律师事务所
600499,北京市康达律师事务所
600500,北京市天元律师事务所
600501,北京市众天律师事务所
600502,安徽天禾律师事务所
600503,国浩律师(上海)事务所
600505,四川月城律师事务所
600506,北京市时代九和律师事务所
600507,北京市中伦律师事务所
600508,上海市联合律师事务所
600509,北京国枫律师事务所
600510,北京市嘉源律师事务所上海分所
600511,北京市康达律师事务所
600512,浙江天册律师事务所
600513,北京市竞天公诚律师事务所上海分所
600515,国浩律师(上海)事务所
600516,北京德恒律师事务所
600517,国浩律师(上海)事务所
600518,国浩律师(广州)事务所
600519,北京市金杜律师事务所
600520,安徽承义律师事务所
600521,浙江天册律师事务所
600522,江苏正东律师事务所
600523,国浩律师(贵阳)事务所
600525,北京市中伦(深圳)律师事务所
600526,国浩律师(杭州)事务所
600527,国浩律师(上海)事务所
600528,北京市嘉源律师事务所
600529,北京国枫律师事务所
600530,金茂凯德律师事务所
600531,北京市君致律师事务所
600532,德恒上海律师事务所
600533,江苏世纪同仁律师事务所
600535,内蒙古建中律师事务所
600536,北京市金杜律师事务所
600537,北京市君合律师事务所
600538,北京市时代九和律师事务所
600539,山西华炬律师事务所
600540,新疆天阳律师事务所
600543,甘肃天问律师事务所
600545,新疆天阳律师事务所
600546,上海市锦天城律师事务所
600547,北京市金杜律师事务所
600548,广东君言律师事务所
600549,福建联合信实律师事务所
600550,河北王笑娟律师事务所
600551,安徽承义律师事务所
600552,上海天衍禾律师事务所
600555,北京市康达律师事务所
600556,上海市锦天城(深圳)律师事务所
600557,江苏世纪同仁律师事务所
600558,四川公生明律师事务所
600559,北京市通商律师事务所
600560,北京市星河律师事务所
600561,北京市天元律师事务所
600562,上海市锦天城(南京)律师事务所
600563,福建远大联盟律师事务所
600565,重庆志平律师事务所
600566,北京国枫律师事务所
600567,浙江天册律师事务所
600568,湖北正信律师事务所
600569,北京海润天睿律师事务所
600570,北京观韬(杭州)律师事务所
600571,浙江天册律师事务所
600572,上海东方华银律师事务所
600573,福建至理律师事务所
600575,北京国枫律师事务所
600576,北京大成(上海)律师事务所
600577,安徽安泰达律师事务所
600578,北京市天元律师事务所
600579,甘肃恒亚律师事务所
600580,北京市金杜律师事务所
600581,新疆天阳律师事务所
600582,北京市嘉源律师事务所
600583,北京市君合律师事务所
600584,江苏世纪同仁律师事务所
600585,"北京市竞天公诚律师事务所,赵不渝·马国强律师事务所"
600586,北京市中凯律师事务所
600587,北京市君致律师事务所
600588,北京市天元律师事务所
600589,国信信扬律师事务所
600590,北京市天元律师事务所
600592,北京市中瑞律师事务所
600593,北京市康达律师事务所
600594,北京市君致律师事务所
600595,上海市上正律师事务所
600596,浙江浙经律师事务所
600597,国浩律师(上海)事务所
600598,北京岳成律师事务所黑龙江分所
600599,湖南联合创业律师事务所
600600,北京市海问律师事务所
600601,北京市高界律师事务所
600602,上海市上正律师事务所
600603,北京盈科(乌鲁木齐)律师事务所
600604,国浩律师(上海)事务所
600605,国浩律师(上海)事务所
600606,北京市金杜律师事务所
600608,北京大成(上海)律师事务所
600609,北京市中银(沈阳)律师事务所
600610,广东新东方律师事务所
600611,金茂凯德律师事务所
600612,北京市隆安律师事务所上海分所
600613,浙江金正大律师事务所
600614,国浩律师(上海)事务所
600615,重庆索通律师事务所
600616,国浩律师(上海)事务所
600617,国浩律师(上海)事务所
600618,上海市光大律师事务所
600619,上海市方达律师事务所
600620,上海市锦天城律师事务所
600621,金茂凯德律师事务所
600622,上海市通力律师事务所
600623,上海市国茂律师事务所
600624,上海市恒泰律师事务所
600626,国浩律师(上海)事务所
600628,国浩律师(上海)事务所
600629,上海市锦天城律师事务所
600630,上海市锦天城律师事务所
600633,国浩律师(上海)事务所
600634,上海市锦天城律师事务所
600635,金茂凯德律师事务所
600636,金茂凯德律师事务所
600637,国浩律师(上海)事务所
600638,金茂凯德律师事务所
600639,上海市锦天城律师事务所
600640,金茂凯德律师事务所
600641,国浩律师(上海)事务所
600642,君合律师事务所上海分所
600643,国浩律师(上海)事务所
600644,北京康达(成都)律师事务所
600645,北京国枫律师事务所
600647,北京观韬中茂(上海)律师事务所
600648,北京纬文律师事务所
600649,上海市锦天城律师事务所
600650,上海市方达律师事务所
600651,北京观韬中茂(上海)律师事务所
600652,上海市世通律师事务所
600653,北京市天元律师事务所上海分所
600654,广东华商律师事务所
600655,上海市光大律师事务所
600657,北京国枫律师事务所
600658,北京市国联律师事务所
600660,福建至理律师事务所
600661,国浩律师(上海)事务所
600662,国浩律师(上海)事务所
600663,上海市锦天城律师事务所
600664,北京岳成律师事务所黑龙江分所
600665,北京市中咨律师事务所
600666,北京市金杜律师事务所
600667,江苏世纪同仁律师事务所
600668,浙江一剑律师事务所
600671,湖南金州律师事务所
600673,广东深天成律师事务所
600674,北京市金杜律师事务所
600675,北京市金杜律师事务所
600676,金茂凯德律师事务所
600677,北京市众天律师事务所
600678,四川创实律师事务所
600679,上海市联合律师事务所
600681,北京植德律师事务所
600682,江苏永衡昭辉律师事务所
600683,北京市中伦律师事务所
600684,北京德恒(广州)律师事务所
600685,广东广信君达律师事务所
600686,福建天衡联合律师事务所
600687,国浩律师(上海)事务所
600688,北京市海问律师事务所
600689,上海市三石律师事务所
600690,北京市金杜律师事务所
600691,北京国枫律师事务所
600692,上海市震旦律师事务所
600693,上海市锦天城律师事务所
600694,北京市观韬律师事务所大连分所
600695,上海市诚至信律师事务所
600696,北京市竞天公诚律师事务所上海分所
600697,吉林国隆律师事务所
600698,湖南居安律师事务所
600699,国浩律师(上海)事务所
600701,黑龙江高盛律师集团事务所
600702,北京康达(成都)律师事务所
600703,湖北正信律师事务所
600704,上海市锦天城律师事务所
600705,北京市尚公律师事务所
600706,北京国枫(深圳)律师事务所
600707,北京市嘉源律师事务所
600708,上海市金茂律师事务所
600710,北京懋德律师事务所
600711,北京大成(厦门)律师事务所
600712,北京大成(南宁)律师事务所
600713,国浩律师(南京)事务所
600714,青海树人律师事务所
600715,北京市中伦律师事务所
600716,江苏泰和律师事务所
600717,天津屈信律师事务所
600718,辽宁成功金盟律师事务所
600719,北京英舜律师事务所
600720,甘肃正天合律师事务所
600721,北京国枫律师事务所
600722,北京市金杜律师事务所
600723,北京市海问律师事务所
600724,北京国枫律师事务所
600725,北京德恒(昆明)律师事务所
600726,北京市浩天信和律师事务所
600727,广东华商律师事务所
600728,北京国枫律师事务所
600729,重庆索通律师事务所
600730,北京市竞天公诚律师事务所
600731,湖南人和人律师事务所
600732,国浩律师(上海)事务所
600733,北京市金杜律师事务所
600734,北京大成(福州)律师事务所
600735,山东琴岛律师事务所
600736,江苏竹辉律师事务所
600737,新疆赛德律师事务所
600738,甘肃中天律师事务所
600739,辽宁恒信律师事务所
600740,山西恒一律师事务所
600741,北京市嘉源律师事务所上海分所
600742,吉林吉人卓识律师事务所
600743,北京国枫律师事务所
600744,湖南环海律师事务所
600745,君合律师事务所上海分所
600746,江苏江成律师事务所
600747,辽宁华夏律师事务所
600748,国浩律师(上海)事务所
600749,北京市中伦律师事务所
600750,国浩律师(上海)事务所
600751,北京市中伦律师事务所
600753,北京市中伦(重庆)律师事务所
600754,北京市金杜律师事务所
600755,福建天衡联合律师事务所
600756,北京市君致律师事务所
600757,北京德恒(武汉)律师事务所
600758,北京国枫律师事务所
600759,湖南启元律师事务所
600760,北京金诚同达(济南)律师事务所
600761,安徽王良其律师事务所
600763,浙江天册律师事务所
600764,北京市嘉源律师事务所
600765,北京市嘉源律师事务所
600766,北京市中伦(上海)律师事务所
600767,北京大成(上海)律师事务所
600768,浙江导司律师事务所
600769,湖北大晟律师事务所
600770,江苏世纪同仁律师事务所
600771,北京海润天睿律师事务所
600773,国浩律师(上海)事务所
600774,湖北正信律师事务所
600775,国浩律师(南京)事务所
600776,浙江天册律师事务所
600777,北京大成律师事务所
600778,新疆天阳律师事务所
600779,四川君合律师事务所
600780,山西华炬律师事务所
600781,北京大成(上海)律师事务所
600782,江西华邦律师事务所
600783,北京市中伦律师事务所
600784,山东齐鲁律师事务所
600785,宁夏方和圆律师事务所
600787,天津精卫律师事务所
600789,北京市通商律师事务所
600790,国浩律师(杭州)事务所
600791,北京市观韬中茂律师事务所
600792,云南众衡诚律师事务所
600793,北京市天元(成都)律师事务所
600794,国浩律师(苏州)事务所
600795,北京市浩天信和律师事务所
600796,上海市锦天城律师事务所
600797,浙江六和律师事务所
600798,浙江和义观达律师事务所
600800,天津四方君汇律师事务所
600801,湖北松之盛律师事务所
600802,福建至理律师事务所
600803,北京国枫律师事务所
600804,北京市康达律师事务所
600805,江苏世纪同仁律师事务所
600807,北京市大成(济南)律师事务所
600808,北京市中伦(上海)律师事务所
600809,山西恒一律师事务所
600810,北京市众天律师事务所
600811,黑龙江高盛律师集团事务所
600812,北京德恒律师事务所
600814,国浩律师(杭州)事务所
600815,福建天衡联合律师事务所
600816,北京市君泽君(上海)律师事务所
600817,远闻(上海)律师事务所
600818,国浩律师(上海)事务所
600819,上海市浦栋律师事务所
600820,上海市金茂律师事务所
600821,天津尚志思源律师事务所
600822,国浩律师(上海)事务所
600823,国浩律师(上海)事务所
600824,上海市锦天城律师事务所
600825,金茂凯德律师事务所
600826,中豪律师集团(上海)事务所
600827,国浩律师(上海)事务所
600828,北京国枫凯文(成都)律师事务所
600829,黑龙江高盛律师集团事务所
600830,浙江和义观达律师事务所
600831,北京金诚同达律师事务所西安分所
600833,国浩律师(上海)事务所
600834,金茂凯德律师事务所
600835,上海原本律师事务所
600836,上海市锦天城律师事务所
600837,国浩律师(上海)事务所
600838,上海市捷华律师事务所
600839,北京市兰台律师事务所
600841,上海市金茂律师事务所
600843,上海市震旦律师事务所
600844,国浩律师(南京)事务所
600845,上海市华诚律师事务所
600846,北京市炜衡律师事务所上海分所
600847,重庆坤源衡泰律师事务所
600848,国浩律师(上海)事务所
600850,国浩律师(上海)事务所
600851,国浩律师(上海)事务所
600853,北京市中高盛律师事务所
600854,江苏世纪同仁律师事务所
600855,北京市天银律师事务所
600856,北京市中伦律师事务所
600857,国浩律师(杭州)事务所
600858,国浩律师(济南)事务所
600859,北京市海问律师事务所
600860,北京市康达律师事务所
600861,北京市百瑞律师事务所
600862,北京市嘉源律师事务所上海分所
600863,北京市嘉源律师事务所
600864,黑龙江仁大律师事务所
600865,浙江天册律师事务所
600866,广东中信协诚律师事务所
600867,吉林秉责律师事务所
600868,"广东杨辉律师事务所,广东客都律师事务所"
600869,国浩律师(上海)事务所
600870,福建天衡联合律师事务所
600871,北京市海问律师事务所
600872,广东金丰华律师事务所
600873,北京海润天睿律师事务所
600874,北京市君合律师事务所
600875,北京市金杜律师事务所
600876,河南耀骅律师事务所
600877,国浩律师(重庆)事务所
600879,国浩律师(上海)事务所
600880,四川商信律师事务所
600881,吉林秉责律师事务所
600882,上海市瑛明律师事务所
600883,云南天途律师事务所
600884,北京市天元律师事务所
600885,北京大成(厦门)律师事务所
600886,北京市天元律师事务所
600887,北京天驰君泰律师事务所
600888,新疆天阳律师事务所
600889,江苏苏德律师事务所
600890,北京市盈科律师事务所
600891,黑龙江鸿旭律师事务所
600892,北京大成(深圳)律师事务所
600893,北京市嘉源律师事务所
600894,广东华商律师事务所
600895,上海市通力律师事务所
600896,国浩律师(上海)事务所
600897,上海市锦天城(厦门)律师事务所
600898,北京市竞天公诚律师事务所
600900,北京德恒律师事务所
600901,江苏世纪同仁律师事务所
600903,北京市金杜律师事务所
600908,江苏世纪同仁律师事务所
600909,安徽天禾律师事务所
600917,重庆静昇律师事务所
600919,江苏世纪同仁律师事务所
600926,浙江天册律师事务所
600928,北京市金杜律师事务所
600929,湖南启元律师事务所
600933,上海市通力律师事务所
600936,国浩律师(南宁)事务所
600939,北京德恒(重庆)律师事务所
600958,国浩律师(上海)事务所
600959,北京市中伦律师事务所
600960,北京市君致律师事务所
600961,湖南金州律师事务所
600962,北京市万商天勤律师事务所
600963,湖南启元律师事务所
600965,北京市天元律师事务所
600966,北京市君致律师事务所
600967,内蒙古建中律师事务所
600968,北京市通商律师事务所
600969,湖南人和人律师事务所
600970,北京德恒律师事务所
600971,安徽天禾律师事务所
600973,江苏泰和律师事务所
600975,湖南启元律师事务所
600976,湖北安格律师事务所
600977,北京市环球律师事务所
600978,国浩律师(广州)事务所
600979,北京康达(成都)律师事务所
600980,北京市金台律师事务所
600981,国浩律师(南京)事务所
600982,国浩律师(杭州)事务所
600983,安徽天禾律师事务所
600984,北京市嘉源律师事务所
600985,安徽天禾律师事务所
600986,北京市君合律师事务所
600987,浙江天册律师事务所
600988,北京市万商天勤律师事务所
600989,北京市嘉源律师事务所
600990,安徽天禾律师事务所
600992,贵州佳信律师事务所
600993,湖北瑞通天元律师事务所
600995,上海柏年律师事务所
600996,北京市中伦律师事务所
600997,北京国枫律师事务所
600998,北京海润天睿律师事务所
600999,北京市嘉源律师事务所
601000,北京市天元律师事务所
601001,北京市金杜律师事务所
601002,浙江国傲律师事务所
601003,上海市锦天城(深圳)律师事务所
601005,北京市中伦律师事务所
601006,北京市众鑫律师事务所
601007,江苏金禾律师事务所
601008,国浩律师(上海)事务所
601009,江苏金禾律师事务所
601010,北京大成(南通)律师事务所
601011,黑龙江政通律师事务所
601012,北京市中伦律师事务所
601015,北京大成律师事务所
601016,北京市天元律师事务所
601018,浙江和义观达律师事务所
601019,北京市竞天公诚律师事务所
601020,北京德恒律师事务所
601021,北京市嘉源律师事务所上海分所
601028,北京国枫律师事务所
601038,北京市京都律师事务所
601058,山东琴岛律师事务所
601066,北京市金杜律师事务所
601068,北京市嘉源律师事务所
601069,北京国枫律师事务所
601077,北京市君合律师事务所
601086,国浩律师(上海)事务所
601088,"北京市金杜律师事务所,史密夫斐尔律师事务所"
601098,湖南启元律师事务所
601099,北京德恒律师事务所
601100,江苏世纪同仁律师事务所
601101,北京市中银律师事务所
601106,北京市嘉源律师事务所
601107,北京市中银(成都)律师事务所
601108,上海锦天城律师事务所
601111,北京德恒律师事务所
601113,上海市锦天城律师事务所
601116,浙江素豪律师事务所
601117,北京海润天睿律师事务所
601118,海南信达律师事务所
601126,北京市竞天公诚律师事务所
601127,北京市金杜律师事务所
601128,江苏世纪同仁律师事务所
601137,上海市锦天城律师事务所
601138,北京市金杜律师事务所
601139,广东国晖律师事务所
601155,广东信达律师事务所
601158,国浩律师(上海)事务所
601162,北京市君泽君律师事务所
601163,北京市中咨律师事务所
601166,国浩律师(上海)事务所
601168,青海树人律师事务所
601169,北京天达共和律师事务所
601177,浙江天册律师事务所
601179,北京市通商律师事务所
601186,"北京德恒律师事务所,贝克.麦坚时律师事务所"
601188,北京市康达律师事务所
601198,国浩律师(上海)事务所
601199,江苏世纪同仁律师事务所
601200,上海观韬中茂(上海)律师事务所
601208,泰和泰律师事务所
601211,北京市海问律师事务所
601212,北京市海嘉律师事务所
601216,北京国枫律师事务所
601218,上海市锦天城律师事务所
601222,国浩律师(上海)事务所
601225,北京市嘉源律师事务所
601226,北京市竞天公诚律师事务所
601228,北京市金杜律师事务所
601229,国浩律师(上海)事务所
601231,上海市瑛明律师事务所
601233,北京懋德律师事务所
601236,北京市通商律师事务所
601238,北京市天元律师事务所
601258,北京市海问律师事务所
601288,"北京市金杜律师事务所,达维香港律师事务所"
601298,北京市嘉源律师事务所
601311,北京德恒律师事务所
601318,上海市锦天城(深圳)律师事务所
601319,北京市金杜律师事务所
601326,北京市金杜律师事务所
601328,"国浩律师(上海)事务所,欧华律师事务所"
601330,北京市康达律师事务所
601333,北京国枫律师事务所
601336,北京市通商律师事务所
601339,国浩律师(杭州)事务所
601360,北京市通商律师事务所
601366,北京市金杜律师事务所
601368,北京大成(南宁)律师事务所
601369,北京大成(西安)律师事务所
601375,北京市君致律师事务所
601377,国浩律师(上海)事务所
601388,北京海润天睿律师事务所
601390,"北京市嘉源律师事务所,年利达律师事务所"
601398,北京市金杜律师事务所
601500,北京市金杜律师事务所
601515,上海市锦天城律师事务所
601518,吉林吉大律师事务所
601519,国浩律师(上海)事务所
601555,国浩律师(上海)事务所
601558,北京天驰君泰律师事务所
601566,北京市中伦律师事务所
601567,上海市锦天城律师事务所
601577,湖南启元律师事务所
601579,国浩律师(杭州)事务所
601588,北京大成律师事务所
601595,北京市金杜律师事务所
601598,礼德齐伯礼律师行
601599,北京市中伦(深圳)律师事务所
601600,北京德恒律师事务所
601601,北京市金杜律师事务所
601606,北京市天元律师事务所
601607,国浩律师(上海)事务所
601608,北京市竞天公诚律师事务所
601611,北京国枫律师事务所
601615,北京市天元律师事务所
601616,国浩律师(上海)事务所
601618,北京大成律师事务所
601619,国浩律师(北京)事务所
601628,"北京市金杜律师事务所,瑞生国际律师事务所,美国德普律师事务所"
601633,北京市中伦律师事务所
601636,北京大成(广州)律师事务所
601666,国浩律师(上海)事务所
601668,北京大成律师事务所
601669,北京市嘉源律师事务所
601677,北京国枫律师事务所
601678,北京市德恒(济南)律师事务所
601688,上海市锦天城(南京)律师事务所
601689,国浩律师(上海)事务所
601698,北京市金杜律师事务所
601699,山西德为律师事务所
601700,国浩律师(上海)事务所
601717,北京市海问律师事务所
601718,北京市嘉源律师事务所
601727,国浩律师(上海)事务所
601766,北京市嘉源律师事务所
601777,北京市中伦(上海)律师事务所
601788,北京市金杜律师事务所
601789,浙江甬信律师事务所
601798,北京海润天睿律师事务所
601799,北京市君合律师事务所
601800,北京德恒律师事务所
601801,安徽承义律师事务所
601808,北京市君合律师事务所
601811,北京观韬(成都)律师事务所
601818,"北京市君合律师事务所,高伟绅律师事务所"
601828,上海市通力律师事务所
601838,北京市金杜律师事务所
601857,北京市金杜律师事务所
601858,北京德恒律师事务所
601860,江苏世纪同仁律师事务所
601865,国浩律师(南京)事务
601866,北京市中伦(上海)律师事务所
601869,北京市通商律师事务所
601872,北京市君合(深圳)律师事务所
601877,北京市金杜律师事务所
601878,北京市嘉源律师事务所
601880,辽宁华夏律师事务所
601881,国浩律师(北京)事务所
601882,北京市竞天公诚律师事务所
601886,北京市天元律师事务所
601888,北京市嘉源律师事务所
601890,泰州江豪律师事务所
601898,北京市嘉源律师事务所
601899,福建至理律师事务所
601900,广东东方昆仑律师事务所
601901,北京市康达律师事务所
601908,北京懋德律师事务所
601918,北京市君合律师事务所
601919,"北京市通商律师事务所,香港普衡律师事务所"
601928,江苏法德永衡律师事务所
601929,吉林大华铭仁律师事务所
601933,上海市通力律师事务所
601939,"北京市海问律师事务所,香港高伟绅律师行"
601949,北京市中伦律师事务所
601952,江苏高的律师事务所
601958,北京观韬(西安)律师事务所
601965,北京市嘉源律师事务所
601966,北京市金杜律师事务所
601968,上海市锦天城律师事务所
601969,海南如瑜律师事务所
601975,上海海神律师事务所
601985,北京市中伦律师事务所
601988,"北京市金杜律师事务所,安理国际律师事务所"
601989,北京市时代九和律师事务所
601990,国浩律师(上海)事务所
601991,北京市浩天信和律师事务所
601992,北京市观韬律师事务所
601996,北京市奋迅律师事务所
601997,北京市金杜律师事务所
601998,"北京天达共和律师事务所,高伟绅律师事务所"
601999,辽宁申扬律师事务所
603000,北京市嘉源律师事务所
603001,北京市金杜律师事务所
603002,北京市通商律师事务所
603003,上海市通力律师事务所
603005,国浩律师(上海)事务所
603006,国浩律师(上海)事务所
603007,北京市君致律师事务所
603008,浙江天册律师事务所
603009,上海市广发律师事务所
603010,国浩律师(杭州)事务所
603011,北京市天元律师事务所
603012,国浩律师(上海)事务所
603013,北京天达共和律师事务所
603015,浙江和义观达律师事务所
603016,江苏开炫律师事务所
603017,国浩律师(上海)事务所
603018,江苏国泰新华律师事务所
603019,北京市君合律师事务所
603020,上海市广发律师事务所
603021,安徽天禾律师事务所
603022,北京观韬中茂(上海)律师事务所
603023,黑龙江佳鹏律师事务所
603025,北京市天元律师事务所
603026,北京市中伦律师事务所
603027,北京市金杜律师事务所
603028,君合律师事务所上海分所
603029,北京国枫律师事务所
603030,上海市锦天城律师事务所
603031,国浩律师(上海)事务所
603032,国浩律师(乌鲁木齐)事务所
603033,北京国枫律师事务所
603035,北京市中伦律师事务所
603036,浙江天册律师事务所
603037,上海东方华银律师事务所
603038,北京市中伦(广州)律师事务所
603039,北京市德恒(杭州)律师事务所
603040,国浩律师(杭州)事务所
603041,北京国枫律师事务所
603042,上海市锦天城律师事务所
603043,北京市金杜律师事务所
603045,浙江天册律师事务所
603050,北京德恒律师事务所
603055,北京懋德律师事务所
603056,北京德恒律师事务所
603058,广东东方昆仑律师事务所
603059,国浩律师(上海)事务所
603060,北京观韬中茂律师事务所
603063,广东海埠律师事务所
603066,江苏世纪同仁律师事务所
603067,北京市环球律师事务所
603068,上海市锦天城律师事务所
603069,上海市锦天城律师事务所
603076,国浩律师(上海)事务所
603077,北京国枫律师事务所
603078,北京国枫(上海)律师事务所
603079,北京市金杜律师事务所
603080,北京市浩天信和律师事务所
603081,浙江天册律师事务所
603083,北京市君合律师事务所
603085,浙江天册律师事务所
603086,上海泽昌律师事务所
603088,上海市锦天城律师事务所
603089,北京国枫律师事务所
603090,江苏太湖律师事务所
603093,北京金诚同达律师事务所
603096,国浩律师(上海)事务所
603098,北京市天元律师事务所
603099,吉林兢诚律师事务所
603100,国浩律师(上海)事务所
603101,北京国枫律师事务所
603103,北京市康达律师事务所
603105,北京海润天睿律师事务所
603106,北京国枫律师事务所
603108,上海市锦天城律师事务所
603110,浙江天册律师事务所
603111,北京市嘉源律师事务所
603113,北京市中伦律师事务所
603115,国浩律师(上海)事务所
603116,北京市君合律师事务所
603117,上海市瑛明律师事务所
603118,北京市中伦(深圳)律师事务所
603121,通力律师事务所
603123,北京市天元律师事务所
603126,北京市嘉源律师事务所
603127,北京市康达律师事务所
603128,上海市瑛明律师事务所
603129,国浩律师(杭州)事务所
603131,上海锦天城律师事务所
603133,上海市锦天城律师事务所
603136,北京市康达律师事务所
603138,北京市通商律师事务所
603139,北京市金杜律师事务所
603156,北京市康达律师事务所
603157,"国浩律师(上海)事务所,史密夫·斐尔律师事务所"
603158,上海市广发律师事务所
603159,国浩律师(上海)事务所
603160,广东信达律师事务所
603161,北京市金杜律师事务所
603165,上海市锦天城律师事务所
603166,北京德恒律师事务所
603167,山东滨海正大律师事务所
603168,上海市通力律师事务所
603169,甘肃正天合律师事务所
603177,北京市天元律师事务所
603178,上海锦天城律师事务所
603179,上海市锦天城律师事务所
603180,福建至理律师事务所
603181,上海市广发律师事务所
603183,江苏九典律师事务所
603185,北京国枫律师事务所
603186,浙江天册律师事务所
603187,北京市君泽君律师事务所
603188,北京大成(上海)律师事务所
603189,国浩律师(上海)事务所
603192,上海市锦天城律师事务所
603196,上海市通力律师事务所
603197,上海市瑛明律师事务所
603198,北京市天元律师事务所
603199,上海天衍禾律师事务所
603200,北京市金杜律师事务所
603203,北京市天元律师事务所
603208,浙江天册律师事务所
603214,北京市时代九和律师事务所
603217,北京国枫律师事务所
603218,国浩律师(上海)事务所
603220,北京国枫律师事务所
603222,北京大成(上海)律师事务所
603223,北京市中伦律师事务所
603225,北京国枫律师事务所
603226,国浩律师(上海)事务所
603227,新疆天阳律师事务所
603228,北京市观韬(深圳)律师事务所
603229,北京海润天睿律师事务所
603232,北京市天元律师事务所
603233,北京市金杜律师事务所
603236,上海市锦天城律师事务所
603238,北京国枫律师事务所
603239,浙江天册律师事务所
603256,北京懋德律师事务所
603258,京衡律师集团事务所
603259,上海市方达律师事务所
603260,上海锦天城律师事务所
603266,北京市天元律师事务所
603267,北京市海润律师事务所
603268,北京市康达律师事务所
603269,北京市君泽君律师事务所
603277,浙江天册律师事务所
603278,北京德和衡律师事务所
603279,北京市君致律师事务所
603283,国浩律师(上海)事务所
603286,北京市中伦律师事务所
603288,北京市竞天公诚律师事务所
603289,上海锦天城律师事务所
603297,国浩律师(上海)事务所
603298,国浩律师(杭州)事务所
603299,北京市君致律师事务所
603300,国浩律师(杭州)事务所
603301,浙江天册律师事务所
603303,北京市康达律师事务所
603305,国浩律师(杭州)事务所
603306,北京金诚同达(上海)律师事务所
603308,君合律师事务所上海分所
603309,北京市中伦(深圳)律师事务所
603311,北京市竞天公诚律师事务所
603313,北京市君泽君(上海)律师事务所
603315,北京市君致律师事务所
603316,北京市金杜律师事务所
603317,北京市中伦律师事务所
603318,北京金诚同达(上海)律师事务所
603319,北京市康达律师事务所
603320,上海市锦天城律师事务所
603321,北京市中伦律师事务所
603322,北京国枫(深圳)律师事务所
603323,江苏世纪同仁律师事务所
603326,德恒上海律师事务所
603327,福建至理律师事务所
603328,北京市竞天公诚(深圳)律师事务所
603329,上海锦天城律师事务所
603330,上海市广发律师事务所
603331,国浩律师(杭州)事务所
603332,北京市中伦律师事务所
603333,北京海润天睿律师事务所
603335,广东华商律师事务所
603336,国浩律师(广州)事务所
603337,北京国枫律师事务所
603338,北京国枫律师事务所
603339,上海市通力律师事务所
603345,北京市中伦(深圳)律师事务所
603348,北京市邦盛律师事务所
603351,北京市君合律师事务所
603355,上海市锦天城律师事务所
603356,北京国枫律师事务所
603357,安徽天禾律师事务所
603358,北京市金杜律师事务所
603359,北京市天元律师事务所
603360,北京德恒律师事务所
603363,北京市君合律师事务所
603365,上海市锦天城律师事务所
603366,北京市天元律师事务所
603367,北京市时代九和律师事务所
603368,广东华商律师事务所
603369,上海市瑛明律师事务所
603377,北京市通商律师事务所
603378,上海市锦天城律师事务所
603379,北京市嘉源律师事务所
603380,国浩律师(北京)事务所
603383,国浩律师(上海)事务所
603385,北京市中伦律师事务所
603386,北京市观韬律师事务所
603387,上海市锦天城(南京)律师事务所
603388,北京市德恒(杭州)律师事务所
603389,国浩律师(上海)事务所
603393,北京市君合律师事务所
603396,北京市中伦律师事务所
603398,德恒上海律师事务所
603399,北京市海勤律师事务所
603416,北京大成(上海)律师事务所
603421,北京市中伦(青岛)律师事务所
603429,北京国枫律师事务所
603444,北京大成(厦门)律师事务所
603456,浙江天册律师事务所
603458,北京国枫律师事务所
603466,上海锦天城律师事务所
603477,北京国枫律师事务所
603486,北京市君合律师事务所
603488,国浩律师(杭州)事务所
603489,国浩律师(上海)事务所
603496,北京市天元律师事务所上海分所
603499,国浩律师(上海)事务所
603500,国浩律师(杭州)事务所
603501,北京市通商律师事务所
603505,北京市中伦律师事务所
603506,浙江天册律师事务所
603507,上海汉盛律师事务所
603508,广东华商律师事务所
603515,上海市通力律师事务所
603516,北京市金杜律师事务所
603517,湖南启元律师事务所
603518,北京国枫律师事务所
603519,上海市锦天城律师事务所
603520,北京金诚同达律师事务所
603527,安徽天禾律师事务所
603528,北京市中伦律师事务所
603530,广东信达律师事务所
603533,北京市中伦律师事务所
603535,北京市中伦律师事务所
603536,上海泽昌律师事务所
603538,上海市广发律师事务所
603555,北京市中伦律师事务所
603556,国浩律师(上海)事务所
603557,上海市君悦(深圳)律师事务所
603558,浙江天册律师事务所
603559,国浩律师(北京)事务所
603566,北京德恒律师事务所
603567,北京市康达律师事务所
603568,国浩律师(杭州)事务所
603569,北京德和衡律师事务所
603577,北京德和衡律师事务所
603578,浙江天册律师事务所
603579,上海市广发律师事务所
603580,北京海润天睿律师事务所
603583,浙江天册律师事务所
603585,远闻(上海)律师事务所
603586,北京市君泽君律师事务所
603587,上海市锦天城律师事务所
603588,北京国枫律师事务所
603589,北京市金杜律师事务所
603590,上海市方达律师事务所
603595,上海市锦天城律师事务所
603596,北京懋德律师事务所
603598,北京市金杜律师事务所
603599,国浩律师(上海)事务所
603600,浙江天册律师事务所
603601,国浩律师(重庆)事务所
603602,国浩律师(杭州)事务所
603603,北京市康达律师事务所
603605,国浩律师(杭州)事务所
603606,上海市锦天城律师事务所
603607,上海锦天城律师事务所
603608,北京市君合(广州)律师事务所
603609,北京大成(沈阳)律师事务所
603610,上海市锦天城律师事务所
603611,浙江天册律师事务所
603612,北京市金杜律师事务所
603613,北京德恒律师事务所
603615,福建至理律师事务所
603616,北京市嘉源律师事务所
603617,国浩律师(上海)事务所
603618,浙江天册律师事务所
603619,北京金诚同达律师事务所
603626,上海市锦天城律师事务所
603628,福建天衡联合律师事务所
603629,北京安新律师事务所
603630,北京市竞天公诚律师事务所
603633,国浩律师(上海)事务所
603636,福建天衡联合(福州)律师事务所
603637,北京市天元律师事务所
603638,北京国枫律师事务所
603639,北京市金杜律师事务所
603648,国浩律师(上海)事务所
603650,北京市君合律师事务所
603655,国浩律师(上海)事务所
603656,北京市中伦律师事务所
603657,国浩律师(杭州)事务所
603658,上海市锦天城律师事务所
603659,北京市金杜律师事务所
603660,上海东方华银律师事务所
603661,国浩律师(杭州)事务所
603662,北京市君合律师事务所
603663,北京市环球律师事务所
603665,国浩律师(杭州)事务所
603666,上海市锦天城律师事务所
603667,国浩律师(上海)事务所
603668,北京市天元(深圳)律师事务所
603669,北京市中伦(深圳)律师事务所
603676,广东信达律师事务所
603677,北京市中伦(深圳)律师事务所
603678,北京国枫律师事务所
603679,北京市天元(成都)律师事务所
603680,国浩律师(上海)事务所
603681,上海市广发律师事务所
603683,上海市瑛明律师事务所
603685,国浩律师(杭州)事务所
603686,北京市天元律师事务所
603687,上海市广发律师事务所
603688,上海东方华银律师事务所
603689,安徽天禾律师事务所
603690,国浩律师(上海)事务所
603693,江苏世纪同仁律师事务所
603696,北京君合(海口)律师事务所
603697,北京大成律师事务所
603698,北京观韬中茂律师事务所
603699,江苏合展兆丰律师事务所
603700,上海市广发律师事务所
603701,国浩律师(杭州)事务所
603703,北京市康达律师事务所
603706,北京市君合律师事务所
603707,江苏世纪同仁律师事务所
603708,上海市锦天城律师事务所
603709,浙江天册律师事务所
603711,国浩律师(杭州)事务所
603712,北京德恒律师事务所
603713,国浩律师(上海)事务所
603716,国浩律师(上海)事务所
603717,上海市锦天城律师事务所
603718,北京市金杜律师事务所
603721,北京国枫律师事务所
603722,北京德恒律师事务所
603725,上海市锦天城律师事务所
603726,北京大成(上海)律师事务所
603727,北京市中伦律师事务所
603728,上海锦天城律师事务所
603729,国浩律师(上海)事务所
603730,北京市星河律师事务所
603733,北京国枫律师事务所
603737,福建至理律师事务所
603738,广东华商律师事务所
603739,北京海润天睿律师事务所
603755,北京德和衡律师事务所
603757,上海市锦天城律师事务所
603758,北京市万商天勤律师事务所
603766,北京市时代九和律师事务所
603767,上海市联合律师事务所
603768,上海市通力律师事务所
603773,北京国枫律师事务所
603776,北京市海问律师事务所
603777,北京国枫律师事务所
603778,北京市浩天信和律师事务所
603779,北京海润天睿律师事务所
603786,上海市锦天城律师事务所
603787,北京大成律师事务所
603788,上海市锦天城律师事务所
603789,上海市通力律师事务所
603790,上海市广发律师事务所
603797,广东信达律师事务所
603798,山东琴岛律师事务所
603799,国浩律师(杭州)事务所
603800,国浩律师(北京)事务所
603801,安徽天禾律师事务所
603803,北京市中伦律师事务所
603806,浙江天册律师事务所
603808,北京市中伦(深圳)律师事务所
603809,广东信达律师事务所
603810,北京海润天睿律师事务所
603811,上海市锦天城律师事务所
603813,广东广信君达律师事务所
603815,安徽天禾律师事务所
603816,国浩律师(杭州)事务所
603817,福建至理律师事务所
603818,上海市锦天城律师事务所
603819,上海市锦天城律师事务所
603822,上海市锦天城律师事务所
603823,北京市金杜律师事务所
603825,北京市汉坤律师事务所
603826,北京国枫律师事务所
603828,江苏益友天元律师事务所
603829,上海市广发律师事务所
603833,广东信达律师事务所
603838,北京市竞天公诚律师事务所
603839,北京大成(上海)律师事务所
603843,北京德恒律师事务所
603848,国信信扬律师事务所
603855,北京德恒律师事务所
603856,北京市天元律师事务所
603858,北京市金杜律师事务所
603859,北京市天元律师事务所
603860,北京海润天睿律师事务所
603861,北京市天元(深圳)律师事务所
603863,北京市康达律师事务所
603866,国浩律师(深圳)事务所
603867,北京大成律师事务所
603868,国浩律师(上海)事务所
603869,北京国枫律师事务所
603871,北京市康达律师事务所
603876,上海市广发律师事务所
603877,上海市锦天城律师事务所
603878,江苏正气浩然律师事务所
603879,北京市康达律师事务所
603880,江苏世纪同仁律师事务所
603881,国浩律师(上海)事务所
603882,北京市中伦律师事务所
603883,北京盈科(长沙)律师事务所
603885,国浩律师(上海)事务所
603886,国浩律师(上海)事务所
603887,上海市锦天城律师事务所
603888,北京德恒律师事务所
603889,国浩律师(杭州)事务所
603890,北京德恒律师事务所
603895,上海市广发律师事务所
603896,北京市金杜律师事务所
603897,国浩律师(杭州)事务所
603898,国信信扬律师事务所
603899,君合律师事务所上海分所
603900,北京国枫律师事务所
603901,浙江六和律师事务所
603903,北京市嘉源律师事务所
603906,国浩律师(上海)事务所
603908,国浩律师(杭州)事务所
603909,北京市通商律师事务所
603912,上海市锦天城律师事务所
603915,国浩律师(北京)事务所
603916,国浩律师(北京)事务所
603917,北京大成(宁波)律师事务所
603918,北京国枫律师事务所
603919,北京卓纬律师事务所
603920,北京懋德律师事务所
603922,上海市通力律师事务所
603926,上海市锦天城律师事务所
603927,北京市高朋律师事务所
603928,上海市瑛明律师事务所
603929,北京市海润律师事务所
603933,国浩律师(上海)事务所
603936,广东信达律师事务所
603937,北京国枫凯文律师事务所
603938,北京市天元律师事务所
603939,湖南启元律师事务所
603955,江苏世纪同仁律师事务所
603956,北京国枫律师事务所
603958,北京海润天睿律师事务所
603959,北京市康达律师事务所
603960,上海市锦天城律师事务所
603963,上海市通力律师事务所
603966,北京市中伦律师事务所
603967,北京市金杜律师事务所
603968,北京市金杜律师事务所
603969,北京盈科(天津)律师事务所
603970,北京市君泽君律师事务所
603976,重庆源伟律师事务所
603977,湖南启元律师事务所
603978,北京市盈科(深圳)律师事务所
603979,北京国枫律师事务所
603980,江苏世纪同仁律师事务所
603982,北京市嘉源律师事务所
603983,广东信达律师事务所
603985,远闻(上海)律师事务所
603986,北京市中伦(深圳)律师事务所
603987,德恒上海律师事务所
603988,北京市金杜律师事务所
603989,湖南启元律师事务所
603990,北京市天元律师事务所上海分所
603991,国浩律师(上海)事务所
603992,北京大成律师事务所
603993,上海市通力律师事务所
603996,国浩律师(杭州)事务所
603997,北京国枫律师事务所
603998,湖南启元律师事务所
603999,甘肃玉榕律师事务所
000001,广东信达律师事务所
000002,广东信达律师事务所
000004,安徽天禾律师事务所
000005,广东普罗米修律师事务所
000006,广东圣天平律师事务所
000007,北京市邦盛律师事务所
000008,北京市天元律师事务所
000009,广东华商律师事务所
000010,北京德恒(深圳)律师事务所
000011,北京市地平线(深圳)律师事务所
000012,万商天勤(深圳)律师事务所
000014,北京国枫(深圳)律师事务所
000016,北京市中伦(深圳)律师事务所
000017,广东志润律师事务所
000018,广东信达(北京)律师事务所
000019,北京国枫(深圳)律师事务所
000020,北京德恒(深圳)律师事务所
000021,广东信达律师事务所
000023,东方昆仑(深圳)律师事务所
000025,北京市盈科(深圳)律师事务所
000026,北京市盈科(深圳)律师事务所
000027,广东晟典律师事务所
000028,北京德恒(深圳)律师事务所
000029,广东法制盛邦(深圳)律师事务所
000030,北京市金杜律师事务所
000031,广东信达律师事务所
000032,北京国枫(深圳)律师事务所
000034,北京市金杜律师事务所
000035,北京市中伦(上海)律师事务所
000036,广东信达律师事务所
000037,北京德恒(深圳)律师事务所
000038,山东慧勤律师事务所
000039,北京市通商(深圳)律师事务所
000040,北京市天元律师事务所
000042,广东融商诚达律师事务所
000043,广东信达律师事务所
000045,广东盛唐律师事务所
000046,北京市金杜律师事务所
000048,广东本海律师事务所
000049,广东鸿园律师事务所
000050,广东华商律师事务所
000055,万商天勤(深圳)律师事务所
000056,北京市中伦(深圳)律师事务所
000058,北京市君泽君(广州)律师事务所
000059,辽宁恒敬律师事务所
000060,北京市中伦(深圳)律师事务所
000061,北京国枫(深圳)律师事务所
000062,北京金诚同达(深圳)律师事务所
000063,"北京市君合(深圳)律师事务所,普衡律师事务所"
000065,北京市天元律师事务所
000066,广东信达律师事务所
000068,北京市天元(深圳)律师事务所
000069,北京国枫(深圳)律师事务所
000070,北京大成(深圳)律师事务所
000078,广东海派律师事务所
000088,北京国枫(深圳)律师事务所
000089,广东深天成律师事务所
000090,广东深天成律师事务所
000096,广东星辰律师事务所
000099,广东信达律师事务所
000100,北京市嘉源律师事务所
000150,国浩律师(广州)事务所
000151,北京市竞天公诚律师事务所
000153,安徽径桥律师事务所
000155,泰和泰律师事务所
000156,浙江天册律师事务所
000157,上海市方达(北京)律师事务所
000158,北京市天元律师事务所
000159,北京国枫律师事务所
000166,北京颐合中鸿律师事务所
000301,国浩律师(南京)事务所
000333,北京市嘉源律师事务所
000338,北京市通商律师事务所
000400,上海市上正律师事务所
000401,北京市海问律师事务所
000402,北京市观韬律师事务所
000403,山西谦诚律师事务所
000404,福建君立律师事务所
000407,山东齐鲁律师事务所
000408,北京市天元律师事务所
000409,北京市大成(济南)律师事务所
000410,辽宁宏茂律师事务所
000411,北京大成(杭州)律师事务所
000413,北京市安理律师事务所
000415,新疆昌年律师事务所
000416,北京观韬中茂律师事务所
000417,安徽天禾律师事务所
000419,湖南启元律师事务所
000420,吉林巡达律师事务所
000421,国浩律师(南京)事务所
000422,北京德恒律师事务所
000423,北京市华堂律师事务所
000425,北京市大成(南京)律师事务所
000426,北京市金杜律师事务所
000428,湖南湘楚律师事务所
000429,北京市君合(广州)律师事务所
000430,湖南澧滨律师事务所
000488,北京市金杜(青岛)律师事务所
000498,国浩律师(济南)事务所
000501,湖北大晟律师事务所
000502,广东联合发展律师事务所
000503,海南圣合律师事务所
000504,北京国枫律师事务所
000505,北京市中伦律师事务所
000506,国浩律师(济南)事务所
000507,广东德赛律师事务所
000509,四川英特信联合律师事务所
000510,四川商信律师事务所
000513,广东德赛律师事务所
000514,北京大成(重庆)律师事务所
000516,北京市康达(西安)律师事务所
000517,浙江和义观达律师事务所
000518,江苏世纪同仁律师事务所
000519,北京市中伦律师事务所
000520,湖北典恒律师事务所
000521,安徽承义律师事务所
000523,广东广信君达律师事务所
000524,广东中天律师事务所
000525,江苏圣典律师事务所
000526,北京市京都律师事务所
000528,国浩律师(南宁)事务所
000529,广东法制盛邦律师事务所
000530,辽宁华夏律师事务所
000531,广东广信君达律师事务所
000532,广东明门律师事务所
000533,广东国鼎律师事务所
000534,广东信达律师事务所
000536,北京大成(福州)律师事务所
000537,天津长丰律师事务所
000538,北京德恒(昆明)律师事务所
000539,国信信扬律师事务所
000540,北京国枫律师事务所
000541,广东星宇律师事务所
000543,安徽天禾律师事务所
000544,河南明商律师事务所
000545,江苏世纪同仁律师事务所
000546,上海东方华银律师事务所
000547,北京国枫律师事务所
000548,湖南崇民律师事务所
000550,江西华邦律师事务所
000551,江苏竹辉律师事务所
000552,甘肃中天律师事务所
000553,湖北思捷律师事务所
000554,山东公允(泰安高新区)律师事务所
000555,北京金诚同达律师事务所
000557,宁夏合天律师事务所
000558,浙江天册律师事务所
000559,上海市锦天城律师事务所
000560,上海市锦天城律师事务所
000561,北京观韬(西安)律师事务所
000563,北京观韬(西安)律师事务所
000564,北京市康达(西安)律师事务所
000565,重庆源伟律师事务所
000566,海南方圆律师事务所
000567,国浩律师(太原)事务所
000568,北京康达(成都)律师事务所
000570,江苏博爱星律师事务所
000571,海南方圆律师事务所
000572,海南圣合律师事务所
000573,广东法制盛邦律师事务所
000576,北京市康达(广州)律师事务所
000581,北京市金杜律师事务所
000582,国浩律师(南宁)事务所
000584,上海市通力律师事务所
000585,江苏尊法律师事务所
000586,北京中伦(成都)律师事务所
000587,北京国枫(深圳)律师事务所
000589,智衡律师事务所
000590,湖南银联律师事务所
000591,北京德恒律师事务所
000592,福建君立律师事务所
000593,北京市金杜律师事务所
000595,宁夏新中元律师事务所
000596,北京德恒律师事务所
000597,北京金诚同达律师事务所沈阳分所
000598,四川中一律师事务所
000599,北京德恒律师事务所
000600,河北百盛律师事务所
000601,广东中信协诚律师事务所
000603,北京舟之同律师事务所
000605,北京国枫律师事务所
000606,北京德恒(天津)律师事务所
000607,浙江六和律师事务所
000608,北京市竞天公诚律师事务所
000609,北京市星河律师事务所
000610,陕西金镝律师事务所
000611,北京市天平律师事务所
000612,河南隆成律师事务所
000613,海南祥瑞律师事务所
000615,北京中伦(武汉)律师事务所
000616,北京市金杜律师事务所
000617,北京市金杜律师事务所
000619,北京市竞天公诚律师事务所
000620,北京市中伦律师事务所
000622,北京国枫(深圳)律师事务所
000623,北京市京都(大连)律师事务所
000625,北京市中伦(深圳)律师事务所
000626,江苏云台山律师事务所
000627,湖北正信律师事务所
000628,北京炜衡(成都)律师事务所
000629,四川徐绍刚律师事务所
000630,安徽承义律师事务所
000631,浙江君秦律师事务所
000632,福建天衡联合(福州)律师事务所
000633,北京嘉和律师事务所
000635,宁夏综义律师事务所
000636,上海市锦天城(深圳)律师事务所
000637,广西欣和律师事务所
000638,北京市丰友律师事务所
000639,北京市金杜律师事务所
000650,江西求正沃德律师事务所
000651,广东非凡律师事务所
000652,北京金诚同达律师事务所
000655,北京大成律师事务所
000656,北京市中伦(重庆)律师事务所
000657,湖南启元律师事务所
000659,广东精诚粤衡律师事务所
000661,北京大成(长春)律师事务所
000662,浙江传衡律师事务所
000663,福建君立律师事务所
000665,北京市京师(武汉)律师事务所
000666,北京金诚同达律师事务所
000667,北京市中伦律师事务所
000668,湖北正信律师事务所
000669,北京市嘉润律师事务所
000670,国浩律师(上海)事务所
000671,北京大成(福州)律师事务所
000672,国浩律师(杭州)事务所
000673,山西恒一律师事务所
000676,北京国枫律师事务所
000677,山东中强(潍坊)律师事务所
000678,湖北今天律师事务所
000679,北京市隆安(大连)律师事务所
000680,北京市中伦(上海)律师事务所
000681,北京市竞天公诚律师事务所
000682,北京市华堂律师事务所
000683,北京市众天律师事务所
000685,广东中元(中山)律师事务所
000686,北京德恒律师事务所
000687,广东信达律师事务所
000688,北京海润天睿律师事务所
000690,广东法制盛邦律师事务所
000691,北京市康达(广州)律师事务所
000692,北京德恒律师事务所
000695,天津市泰达律师事务所
000697,北京市嘉源律师事务所
000698,辽宁百联律师事务所
000700,江苏世纪同仁律师事务所
000701,福建远大联盟律师事务所
000702,湖南联合创业律师事务所
000703,浙江天册律师事务所
000705,上海市锦天城律师事务所
000707,湖北正信律师事务所
000708,北京中伦(武汉)律师事务所
000709,北京金诚同达律师事务所
000710,北京市金杜律师事务所
000711,北京市华城律师事务所
000712,北京德恒(广州)律师事务所
000713,安徽天禾律师事务所
000715,北京德恒律师事务所
000716,广东星辰律师事务所
000717,北京市中伦(广州)律师事务所
000718,北京市时代九和律师事务所
000719,北京简明律师事务所
000720,北京德和衡律师事务所
000721,陕西金镝律师事务所
000722,湖南启元律师事务所
000723,山西华炬律师事务所
000725,北京市竞天公诚律师事务所
000726,山东德衡律师事务所
000727,国浩律师(南京)事务所
000728,北京市天元律师事务所
000729,北京市信利律师事务所
000731,四川英冠律师事务所
000732,福建君立律师事务所
000733,贵州驰宇律师事务所
000735,海南方圆律师事务所
000736,北京市君合律师事务所
000737,山西恒一律师事务所
000738,北京市中伦(上海)律师事务所
000739,北京市康达律师事务所
000750,北京市时代九和律师事务所
000751,北京市时代九和律师事务所
000752,泰和泰律师事务所
000753,福建衡评律师事务所
000755,山西恒一律师事务所
000756,北京市竞天公诚律师事务所上海分所
000757,北京德恒律师事务所
000758,北京金诚同达律师事务所
000759,湖北安格律师事务所
000760,北京大成律师事务所
000761,北京德恒律师事务所
000762,北京国枫(深圳)律师事务所
000766,吉林秉责律师事务所
000767,山西华炬律师事务所
000768,北京市嘉源律师事务所
000776,北京市嘉源律师事务所
000777,江苏致邦(苏州)律师事务所
000778,北京朗山律师事务所
000779,甘肃正天合律师事务所
000780,经世律师事务所
000782,广东广能律师事务所
000783,北京市嘉源律师事务所
000785,湖北安格律师事务所
000786,北京市嘉源律师事务所
000788,北京德恒(重庆)律师事务所
000789,北京市金杜律师事务所
000790,北京市康达律师事务所
000791,甘肃正天合律师事务所
000792,青海竞帆律师事务所
000793,海南天皓律师事务所
000795,北京金诚同达律师事务所
000796,北京市金杜律师事务所
000797,福建至理律师事务所
000798,北京金诚同达律师事务所
000799,湖南启元律师事务所
000800,北京德恒律师事务所
000801,北京中伦(成都)律师事务所
000802,北京大成律师事务所
000803,北京中伦(成都)律师事务所
000806,北京长安律师事务所
000807,云南海合律师事务所
000809,北京市中伦律师事务所
000810,北京市环球律师事务所上海分所
000811,山东星河泰律师事务所
000812,北京金诚同达律师事务所西安分所
000813,新疆天阳律师事务所
000815,北京市中银(银川)律师事务所
000816,江苏一正律师事务所
000818,江苏东晟律师事务所
000819,湖南启元律师事务所
000820,北京国枫律师事务所
000821,湖北惠山律师事务所
000822,山东德衡律师事务所
000823,国浩律师(广州)事务所
000825,山西恒一律师事务所
000826,北京市中伦律师事务所
000828,广东法制盛邦律师事务所
000829,北京大成律师事务所
000830,山东同心达律师事务所
000831,北京市嘉润律师事务所
000833,国浩律师(南宁)事务所
000835,北京市德恒(杭州)律师事务所
000836,国浩律师(天津)事务所
000837,北京市炜衡律师事务所
000838,北京市隆安律师事务所
000839,北京李伟斌律师事务所
000848,北京金诚同达律师事务所
000850,安徽承义律师事务所
000851,北京海润天睿律师事务所
000852,北京市通商律师事务所
000856,北京市天元律师事务所
000858,北京市金杜律师事务所
000859,安徽天禾律师事务所
000860,北京海润天睿律师事务所
000861,北京大成(广州)律师事务所
000862,宁夏兴业律师事务所
000863,君合律师事务所上海分所
000868,安徽天禾律师事务所
000869,金茂凯德律师事务所
000875,北京市中咨律师事务所
000876,北京市天元(成都)律师事务所
000877,新疆天阳律师事务所
000878,国浩律师(北京)事务所
000880,北京市中瑞律师事务所
000881,上海市锦天城律师事务所
000882,北京市海问律师事务所
000883,湖北得伟君尚律师事务所
000885,河南仟问律师事务所
000886,北京大成(海口)律师事务所
000887,安徽承义律师事务所
000888,北京中伦(成都)律师事务所
000889,北京市中伦律师事务所
000890,江苏世纪同仁律师事务所
000892,重庆源伟律师事务所
000893,广东正平天成律师事务所
000895,北京市通商律师事务所
000897,天津市泰达律师事务所
000898,北京市金杜律师事务所
000899,江西友达律师事务所
000900,湖南人和人律师事务所
000901,北京国枫律师事务所
000902,北京市金杜律师事务所
000903,云南北川律师事务所
000905,北京市众天律师事务所
000906,湖南启元律师事务所
000908,北京市中伦律师事务所
000909,浙江天册律师事务所
000910,江苏世纪同仁律师事务所
000911,国浩律师(南宁)事务所
000912,四川川达律师事务所
000913,上海市锦天城律师事务所
000915,山东博翰源律师事务所
000917,湖南启元律师事务所
000918,北京市中伦(上海)律师事务所
000919,江苏泰和律师事务所
000920,国浩律师(贵阳)事务所
000921,广东国鼎律师事务所
000922,北京市通商律师事务所
000923,北京金诚同达律师事务所
000925,国浩律师(杭州)事务所
000926,湖北安格律师事务所
000927,天津惠华律师事务所
000928,北京市嘉源律师事务所
000929,甘肃天问律师事务所
000930,安徽淮河律师事务所
000931,北京市天岳律师事务所
000932,湖南启元律师事务所
000933,河南亚太人律师事务所
000935,北京中伦(成都)律师事务所
000936,江苏世纪同仁律师事务所
000937,北京市金杜律师事务所
000938,北京市重光律师事务所
000939,北京市通商律师事务所
000948,北京德恒(昆明)律师事务所
000949,河南亚太人律师事务所
000950,北京懋德律师事务所
000951,北京德恒律师事务所
000952,国浩律师(武汉)事务所
000953,国浩律师(南宁)事务所
000955,海南方圆律师事务所
000957,山东博翰源律师事务所
000958,北京市中咨律师事务所
000959,北京国枫律师事务所
000960,北京德恒(昆明)律师事务所
000961,君合律师事务所上海分所
000962,宁夏兴业律师事务所
000963,浙江天册律师事务所
000965,国浩律师(天津)事务所
000966,湖北松之盛律师事务所
000967,浙江天册律师事务所
000968,北京市康达律师事务所
000969,北京海润天睿律师事务所
000970,北京市经纬律师事务所
000971,国浩律师(上海)事务所
000972,新疆元正律师事务所
000973,广东君信律师事务所
000975,北京市康达律师事务所
000976,北京德恒(深圳)律师事务所
000977,北京市君致律师事务所
000978,北京德恒(深圳)律师事务所
000980,上海仁盈律师事务所
000981,上海市上正律师事务所
000982,宁夏兴业律师事务所
000983,北京市众天律师事务所
000985,黑龙江司洋律师事务所
000987,北京市中伦律师事务所
000988,北京市嘉源律师事务所
000989,湖南启元律师事务所
000990,北京市重光律师事务所
000993,福建创元律师事务所
000995,甘肃金城律师事务所
000996,北京市金杜律师事务所
000997,国浩律师(上海)事务所
000998,湖南启元律师事务所
000999,北京市中伦(深圳)律师事务所
001696,上海锦天城(重庆)律师事务所
001872,北京市海问律师事务所
001896,河南仟问律师事务所
001965,北京市中伦律师事务所
001979,广东信达律师事务所
002001,浙江天册律师事务所
002002,北京金诚同达律师事务所
002003,浙江天册律师事务所
002004,北京市时代九和律师事务所
002005,广东信达律师事务所
002006,北京市星河律师事务所
002007,安徽承义律师事务所
002008,北京市君合(深圳)律师事务所
002009,国浩律师(深圳)事务所
002010,浙江浙经律师事务所
002011,北京懋德律师事务所
002012,北京国枫律师事务所
002013,北京市嘉源律师事务所
002014,安徽天禾律师事务所
002015,江苏世纪同仁律师事务所
002016,北京国枫律师事务所
002017,浙江天册律师事务所
002019,安徽天禾律师事务所
002020,上海市锦天城律师事务所
002021,北京德恒(杭州)律师事务所
002022,国浩律师(上海)事务所
002023,北京市中伦律师事务所
002024,江苏世纪同仁律师事务所
002025,北京国枫律师事务所
002026,山东德衡(济南)律师事务所
002027,北京市竞天公诚律师事务所
002028,北京大成(上海)律师事务所
002029,上海市锦天城(厦门)律师事务所
002030,广东中信协诚律师事务所
002031,广东君厚律师事务所
002032,国浩律师(杭州)事务所
002033,北京大成(昆明)律师事务所
002034,国浩律师(杭州)事务所
002035,北京市兰台(前海)律师事务所
002036,江西华邦律师事务所
002037,北斗星律师事务所
002038,北京市君泽君律师事务所
002039,北斗星律师事务所
002040,江苏致邦律师事务所
002041,北京市德恒(济南)律师事务所
002042,北京市君泽君(上海)律师事务所
002043,浙江天册律师事务所
002044,北京市天元律师事务所上海分所
002045,北京市中伦律师事务所
002046,北京市汉鼎联合律师事务所
002047,北京市中伦(深圳)律师事务所
002048,上海市锦天城律师事务所
002049,北京君嘉律师事务所
002050,浙江天册律师事务所
002051,北京金诚同达律师事务所
002052,北京市金杜律师事务所
002053,北京德恒(昆明)律师事务所
002054,广东信达律师事务所
002055,北京德恒(深圳)律师事务所
002056,北京市中咨律师事务所
002057,北京市君致律师事务所
002058,国浩律师(上海)事务所
002059,北京大成(昆明)律师事务所
002060,广东中信协诚律师事务所
002061,上海市锦天城律师事务所
002062,北京德恒律师事务所
002063,广东德赛律师事务所
002064,浙江玉海律师事务所
002065,北京市天元律师事务所
002066,北京市观韬律师事务所
002067,上海市通力律师事务所
002068,上海市锦天城律师事务所
002069,辽宁华夏律师事务所
002071,江苏泰和律师事务所
002072,浙江浙经律师事务所
002073,山东琴岛律师事务所
002074,上海市通力律师事务所
002075,北京金诚同达律师事务所
002076,广东群豪律师事务所
002077,江苏世纪同仁律师事务所
002078,北京德恒律师事务所
002079,江苏竹辉律师事务所
002080,北京市康达律师事务所
002081,上海秉文律师事务所
002082,国浩律师(杭州)事务所
002083,北京大成(青岛)律师事务所
002084,北京市时代九和律师事务所
002085,国浩律师(杭州)事务所
002086,上海市锦天城律师事务所
002087,北京市普华律师事务所
002088,北京市中伦(上海)律师事务所
002089,安徽承义律师事务所
002090,江苏致邦律师事务所
002091,江苏世纪同仁律师事务所
002092,上海市浦栋律师事务所
002093,国浩律师(上海)事务所
002094,北京德和衡律师事务所
002095,上海市锦天城律师事务所
002096,湖南启元律师事务所
002097,湖南人和人律师事务所
002098,广东华商律师事务所
002099,浙江天册律师事务所
002100,新疆星河律师事务所
002101,广东君信律师事务所
002102,福建至理律师事务所
002103,上海市瑛明律师事务所
002104,上海市锦天城律师事务所
002105,北京市盈科(深圳)律师事务所
002106,广东信达律师事务所
002107,北京市星河律师事务所
002108,北京国枫律师事务所
002109,北京市时代九和律师事务所
002110,福建至理律师事务所
002111,北京市华堂律师事务所
002112,国浩律师(杭州)事务所
002113,北京市中伦(广州)律师事务所
002114,北京德恒(昆明)律师事务所
002115,国浩律师(杭州)事务所
002116,国浩律师(上海)事务所
002117,江苏泰和律师事务所
002118,北京市京都(大连)律师事务所
002119,北京市康达律师事务所
002120,北京市天元律师事务所
002121,北京国枫(深圳)律师事务所
002122,北京市六合金证律师事务所
002123,广东卓建律师事务所
002124,安徽承义律师事务所
002125,湖南湘君律师事务所
002126,上海市锦天城律师事务所
002127,上海市锦天城律师事务所
002128,北京国枫律师事务所
002129,北京海润天睿律师事务所
002130,广东华商律师事务所
002131,浙江天册律师事务所
002132,北京市君致律师事务所
002133,上海市锦天城律师事务所
002134,国浩律师(天津)事务所
002135,上海市锦天城律师事务所
002136,安徽天禾律师事务所
002137,北京德恒(深圳)律师事务所
002138,北京天驰君泰律师事务所
002139,北京市中伦(深圳)律师事务所
002140,安徽承义律师事务所
002141,上海市锦天城(深圳)律师事务所
002142,浙江波宁律师事务所
002143,北京市嘉源律师事务所
002144,北京德恒律师事务所
002145,甘肃正天合律师事务所
002146,北京市天元律师事务所
002147,上海丰进立和律师事务所
002148,北京天达共和律师事务所
002149,国浩律师(西安)事务所
002150,北京市环球律师事务所
002151,北京市隆安律师事务所
002152,广东广信君达律师事务所
002153,北京市康达律师事务所
002154,国浩律师(上海)事务所
002155,湖南启元律师事务所
002156,北京大成(南通)律师事务所
002157,江西华邦律师事务所
002158,北京国枫律师事务所
002159,北京市康达律师事务所
002160,国浩律师(上海)事务所
002161,北京国枫(深圳)律师事务所
002162,金茂凯德律师事务所
002163,北京市嘉源律师事务所
002164,上海市锦天城律师事务所
002165,国浩律师(南京)事务所
002166,北京德恒律师事务所
002167,国浩律师(广州)事务所
002168,北京市安理律师事务所
002169,北京市康达(广州)律师事务所
002170,北京市盈科(深圳)律师事务所
002171,安徽天禾律师事务所
002172,江苏世纪同仁律师事务所
002173,上海市锦天城律师事务所
002174,北京市中伦律师事务所
002175,广西君健律师事务所
002176,北京市康达律师事务所
002177,北京市金杜律师事务所
002178,金茂凯德律师事务所
002179,北京市金杜律师事务所
002180,北京市金杜律师事务所
002181,广东正平天成律师事务所
002182,国浩律师(南京)事务所
002183,北京市金杜律师事务所
002184,国浩律师(上海)事务所
002185,国浩律师(南京)事务所
002186,北京市嘉源律师事务所
002187,广东诺臣律师事务所
002188,国浩律师(杭州)事务所
002189,北京市中伦律师事务所
002190,北京中伦(成都)律师事务所
002191,广东志润律师事务所
002192,广东君厚律师事务所
002193,北京国枫律师事务所
002194,北京大成(武汉)律师事务所
002195,北京海润天睿律师事务所
002196,浙江六和律师事务所
002197,北京国枫(深圳)律师事务所
002198,金茂凯德律师事务所
002199,北京国枫(上海)律师事务所
002200,北京大成(昆明)律师事务所
002201,国浩律师(上海)事务所
002202,北京市竞天公诚律师事务所
002203,国浩律师(杭州)事务所
002204,辽宁华夏律师事务所
002205,北京市中伦(广州)律师事务所
002206,浙江天册律师事务所
002207,新疆天阳律师事务所
002208,安徽承义律师事务所
002209,北京市君合(广州)律师事务所
002210,广东联建律师事务所
002211,江苏金禾律师事务所
002212,国浩律师(广州)事务所
002213,广东信达律师事务所
002214,国浩律师(杭州)事务所
002215,国浩律师(深圳)事务所
002216,北京市君泽君律师事务所
002217,北京市环球律师事务所
002218,广东信达律师事务所
002219,四川蜀鼎律师事务所
002220,北京市康达律师事务所
002221,江苏金禾律师事务所
002222,北京德恒律师事务所
002223,上海市通力律师事务所
002224,上海市锦天城律师事务所
002225,北京市观韬律师事务所
002226,北京市浩天信和律师事务所
002227,广东华商律师事务所
002228,福建天衡联合律师事务所
002229,福建至理律师事务所
002230,安徽天禾律师事务所
002231,北京海润天睿律师事务所
002232,吉林兢诚律师事务所
002233,北京市君合律师事务所
002234,上海市锦天城律师事务所
002235,北京盈科(厦门)律师事务所
002236,北京国枫律师事务所
002237,上海市锦天城律师事务所
002238,北京大成(深圳)律师事务所
002239,江苏尚韬律师事务所
002240,北京国枫(深圳)律师事务所
002241,北京市天元律师事务所
002242,国浩律师(上海)事务所
002243,北京市中银(深圳)律师事务所
002244,浙江天册律师事务所
002245,江苏世纪同仁律师事务所
002246,北京市金杜律师事务所
002247,国浩律师(杭州)事务所
002248,山东东方未来律师事务所
002249,北京市竞天公诚律师事务所
002250,北京市嘉源律师事务所
002251,湖南启元律师事务所
002252,北京尚公(上海)律师事务所
002253,广东信达律师事务所
002254,山东鼎然律师事务所
002255,国浩律师(上海)事务所
002256,广东志润律师事务所
002258,泰和泰律师事务所
002259,北京市中伦律师事务所
002260,广东至高(广州)律师事务所
002261,湖南启元律师事务所
002262,北京市国宏律师事务所
002263,北京市康达律师事务所
002264,福建至理律师事务所
002265,北京德恒(昆明)律师事务所
002266,浙江星韵律师事务所
002267,陕西永嘉信律师事务所
002268,北京市金杜律师事务所
002269,北京市金杜律师事务所
002270,国浩律师(上海)事务所
002271,北京市金杜律师事务所
002272,北京国枫律师事务所
002273,上海市锦天城律师事务所
002274,国浩律师(上海)事务所
002275,北京市通商律师事务所
002276,浙江天册律师事务所
002277,湖南启元律师事务所
002278,君合律师事务所上海分所
002279,北京市万商天勤律师事务所
002280,北京市君合律师事务所
002281,北京市嘉源律师事务所
002282,河北三和时代律师事务所
002283,北京国枫律师事务所
002284,北京市君泽君律师事务所
002285,北京德恒(深圳)律师事务所
002286,北京市万商天勤律师事务所
002287,北京海润天睿律师事务所
002288,北京国枫(深圳)律师事务所
002289,北京市中伦律师事务所
002290,安徽承义律师事务所
002291,广东南天明律师事务所
002292,北京大成律师事务所
002293,上海市海华永泰律师事务所
002294,北京市金杜律师事务所
002295,广东君信律师事务所
002296,国浩律师(北京)事务所
002297,湖南启元律师事务所
002298,北京市天元律师事务所
002299,福建至理律师事务所
002300,福建至理律师事务所
002301,国浩律师(深圳)事务所
002302,北京国枫律师事务所
002303,北京国枫(深圳)律师事务所
002304,国浩律师(南京)事务所
002305,湖北天明律师事务所
002306,北京市首信律师事务所
002307,北京国枫律师事务所
002308,广东格林律师事务所
002309,北京观韬中茂(上海)律师事务所
002310,北京市中伦律师事务所
002311,上海市瑛明律师事务所
002312,北京国枫律师事务所
002313,广东信达律师事务所
002314,北京德恒(深圳)律师事务所
002315,国浩律师(南京)事务所
002316,北京国枫(深圳)律师事务所
002317,北京海润天睿律师事务所
002318,国浩律师(杭州)事务所
002319,上海精诚申衡律师事务所
002320,北京大成(海口)律师事务所
002321,北京大成律师事务所
002322,国浩律师(杭州)事务所
002323,北京市中伦律师事务所
002324,上海市广发律师事务所
002325,国浩律师(深圳)事务所
002326,上海市锦天城律师事务所
002327,北京市中伦(深圳)律师事务所
002328,国浩律师(上海)事务所
002329,北京市康达律师事务所
002330,北京市中伦律师事务所
002331,上海市通力律师事务所
002332,上海市锦天城律师事务所
002333,北京市中伦(上海)律师事务所
002334,广东信达律师事务所
002335,北京国枫律师事务所
002336,北京市盈科(深圳)律师事务所
002337,天津嘉德恒时律师事务所
002338,北京纬文律师事务所
002339,北京市德恒(济南)律师事务所
002340,广东君信律师事务所
002341,北京国枫律师事务所
002342,国浩律师(北京)事务所
002343,北京市金杜律师事务所
002344,上海市锦天城律师事务所
002345,北京市中伦(广州)律师事务所
002346,国浩律师(上海)事务所
002347,江苏世纪同仁律师事务所
002348,安徽承义律师事务所
002349,江苏洲际英杰律师事务所
002350,北京国枫律师事务所
002351,北京市万商天勤律师事务所
002352,国浩律师(上海)事务所
002353,山东鼎然律师事务所
002354,北京德恒律师事务所
002355,北京国枫律师事务所
002356,北京国枫(深圳)律师事务所
002357,北京市通商律师事务所
002358,北京市君致律师事务所
002359,北京市重光律师事务所
002360,山西恒一律师事务所
002361,北京市天元律师事务所
002362,北京市金杜律师事务所
002363,北京国枫律师事务所
002364,上海市锦天城律师事务所
002365,湖北正信律师事务所
002366,北京国枫(深圳)律师事务所
002367,江苏新天伦律师事务所
002368,北京市天元律师事务所
002369,北京市天元律师事务所
002370,国浩律师(杭州)事务所
002371,北京金诚同达律师事务所
002372,北京市博金律师事务所
002373,北京市天元律师事务所
002374,上海市锦天城律师事务所
002375,北京康达(杭州)律师事务所
002376,上海市锦天城律师事务所
002377,湖北今天律师事务所
002378,国浩律师(上海)事务所
002379,北京市天元律师事务所
002380,江苏高的律师事务所
002381,北京市天元律师事务所
002382,上海锦天城(青岛)律师事务所
002383,北京市中伦律师事务所
002384,安徽承义律师事务所
002385,北京市天银律师事务所
002386,北京市天元(成都)律师事务所
002387,德恒上海律师事务所
002388,广东信达律师事务所
002389,国浩律师(杭州)事务所
002390,国浩律师(上海)事务所
002391,江苏亿诚律师事务所
002392,北京市君致律师事务所
002393,天津扬名律师事务所
002394,北京市时代九和律师事务所
002395,北京大成律师事务所
002396,福建至理律师事务所
002397,北京海润天睿律师事务所
002398,上海锦天城(福州)律师事务所
002399,北京市中伦(深圳)律师事务所
002400,国信信扬律师事务所
002401,北京市星河律师事务所
002402,北京市君泽君(广州)律师事务所
002403,上海市锦天城律师事务所
002404,浙江圣文律师事务所
002405,北京市天元律师事务所
002406,北京市嘉源律师事务所
002407,河南苗硕律师事务所
002408,广东华商律师事务所
002409,国浩律师(上海)事务所
002410,北京市君合律师事务所
002411,上海市瑛明律师事务所
002412,湖南启元律师事务所
002413,江苏世纪同仁律师事务所
002414,北京大成(武汉)律师事务所
002415,国浩律师(杭州)事务所
002416,北京国枫(深圳)律师事务所
002417,北京国枫律师事务所
002418,上海市联合律师事务所
002419,北京市中伦(深圳)律师事务所
002420,广东南国德赛律师事务所
002421,广东信达律师事务所
002422,北京中伦(成都)律师事务所
002423,北京市浩天信和律师事务所
002424,贵州天筑律师事务所
002425,国浩律师(上海)事务所
002426,上海市协力(苏州)律师事务所
002427,上海市锦天城律师事务所
002428,北京国枫律师事务所
002429,北京大成(深圳)律师事务所
002430,浙江天册律师事务所
002431,北京市康达律师事务所
002432,北京市君泽君律师事务所
002433,国浩律师(广州)事务所
002434,浙江六和律师事务所
002435,北京市通商律师事务所
002436,北京市观韬(深圳)律师事务所
002437,北京市京轩律师事务所
002438,上海市通力律师事务所
002439,上海瑛明律师事务所北京分所
002440,国浩律师(杭州)事务所
002441,北京市君合(广州)律师事务所
002442,北京市天元律师事务所
002443,北京市嘉源律师事务所上海分所
002444,京衡律师集团事务所
002445,北京国枫律师事务所
002446,北京大成(深圳)律师事务所
002447,北京德恒律师事务所
002448,北京谦彧律师事务所
002449,广东理治律师事务所
002450,北京德恒律师事务所
002451,上海市通力律师事务所
002452,湖南启元律师事务所
002453,君合律师事务所上海分所
002454,金茂凯德律师事务所
002455,江苏世纪同仁律师事务所
002456,国浩律师(深圳)事务所
002457,北京海润天睿律师事务所
002458,北京金诚同达律师事务所
002459,北京国枫律师事务所
002460,江西求正沃德律师事务所
002461,北京德恒(广州)律师事务所
002462,北京市安理律师事务所
002463,上海市瑛明律师事务所
002464,北京市中银律师事务所
002465,北京市中伦律师事务所
002466,北京中伦(成都)律师事务所
002467,北京市康达律师事务所
002468,上海市锦天城律师事务所
002469,上海锦天城(青岛)律师事务所
002470,北京市通商律师事务所
002471,上海市协力律师事务所
002472,浙江天册律师事务所
002473,浙江和义观达律师事务所
002474,北京市康达律师事务所
002475,北京市天元(深圳)律师事务所
002476,北京市时代九和律师事务所
002478,江苏博爱星律师事务所
002479,浙江天册律师事务所
002480,北京市金杜律师事务所
002481,山东鑫士铭律师事务所
002482,北京市中伦(深圳)律师事务所
002483,江苏洲际英杰律师事务所
002484,江苏世纪同仁律师事务所
002485,北京德和衡律师事务所
002486,广东华商律师事务所
002487,北京海润天睿律师事务所
002488,浙江天册律师事务所
002489,北京国枫律师事务所
002490,山东寿城律师事务所
002491,北京市中咨律师事务所
002492,广东亚太时代律师事务所
002493,广东信达律师事务所
002494,国浩律师(深圳)事务所
002495,广东信达律师事务所
002496,江苏涤非律师事务所
002497,国浩律师(成都)事务所
002498,北京德和衡律师事务所
002499,北京海润天睿律师事务所
002500,国浩律师(上海)事务所
002501,吉林济维律师事务所
002502,国浩律师(广州)事务所
002503,北京市兰台(前海)律师事务所
002504,北京大成律师事务所
002505,湖南启元律师事务所
002506,国浩律师(北京)事务所
002507,北京国枫律师事务所
002508,京衡律师集团事务所
002509,北京市鑫诺律师事务所
002510,北京市浩风律师事务所
002511,北京国枫律师事务所
002512,北京市天元(深圳)律师事务所
002513,万商天勤(上海)律师事务所
002514,上海市锦天城(苏州)律师事务所
002515,上海市锦天城律师事务所
002516,江苏泰和律师事务所
002517,北京市中伦律师事务所
002518,北京市中伦(深圳)律师事务所
002519,北京海润天睿律师事务所
002520,国浩律师(杭州)事务所
002521,江苏泰和律师事务所
002522,国浩律师(杭州)事务所
002523,湖南启元律师事务所
002524,新疆天阳律师事务所
002526,山东德衡(济南)律师事务所
002527,上海市广发律师事务所
002528,广东信达律师事务所
002529,国浩律师(福州)事务所
002530,国浩律师(南京)事务所
002531,江苏周瑞昌律师事务所
002532,国浩律师(杭州)事务所
002533,湖南启元律师事务所
002534,浙江天册律师事务所
002535,北京大成律师事务所
002536,北京市普华律师事务所
002537,上海市联合律师事务所
002538,万商天勤(上海)律师事务所
002539,北京中伦(成都)律师事务所
002540,江苏世纪同仁律师事务所
002541,安徽天禾律师事务所
002542,国浩律师(杭州)事务所
002543,北京市中伦(广州)律师事务所
002544,广东天胜律师事务所
002545,山东琴岛律师事务所
002546,江苏金禾律师事务所
002547,江苏筹胜律师事务所
002548,广东华商律师事务所
002549,湖南启元律师事务所
002550,国浩律师(南京)事务所
002551,广东华商律师事务所
002552,上海市锦天城律师事务所
002553,国浩律师(南京)事务所
002554,北京市天元律师事务所
002555,北京市天元律师事务所
002556,安徽承义律师事务所
002557,上海市通力律师事务所
002558,国浩律师(上海)事务所
002559,国浩律师(南京)事务所
002560,北京市君致律师事务所
002561,上海市通力律师事务所
002562,上海市广发律师事务所
002563,上海市瑛明律师事务所
002564,国浩律师(苏州)事务所
002565,上海普世律师事务所
002566,北京国枫律师事务所
002567,湖南一星律师事务所
002568,上海市锦天城律师事务所
002569,上海市锦天城律师事务所
002570,上海东方华银律师事务所
002571,上海市锦天城律师事务所
002572,广东君厚律师事务所
002573,浙江阳光时代(北京)律师事务所
002574,北京市君致律师事务所
002575,北京德恒律师事务所
002576,北京市金杜律师事务所
002577,广东信达律师事务所
002578,福建君立律师事务所
002579,北京市君合(深圳)律师事务所
002580,文康律师事务所
002581,广东盛唐律师事务所
002582,河南金通源律师事务所
002583,国浩律师(深圳)事务所
002584,北京市金杜律师事务所
002585,上海精诚申衡律师事务所
002586,上海市锦天城律师事务所
002587,广东信达律师事务所
002588,北京市君合律师事务所
002589,山东乾元律师事务所
002590,上海市锦天城律师事务所
002591,江西华邦律师事务所
002592,北京市君泽君律师事务所
002593,北京市中伦律师事务所
002594,北京市天元律师事务所
002595,北京德和衡律师事务所
002596,上海柏年律师事务所
002597,安徽承义律师事务所
002598,北京市康达律师事务所
002599,北京大成(深圳)律师事务所
002600,广东任高扬律师事务所
002601,上海市锦天城(深圳)律师事务所
002602,浙江天册律师事务所
002603,北京国枫律师事务所
002604,北京市君泽君律师事务所
002605,上海市通力律师事务所
002606,北京国枫律师事务所
002607,北京市天元律师事务所
002608,国浩律师(南京)事务所
002609,北京市盈科(深圳)律师事务所
002610,北京市中伦(深圳)律师事务所
002611,北京市邦盛律师事务所
002612,北京市金杜律师事务所
002613,北京大成律师事务所
002614,上海市瑛明律师事务所
002615,国浩律师(杭州)事务所
002616,北京市中伦(广州)律师事务所
002617,国浩律师(杭州)事务所
002618,国浩律师(深圳)事务所
002619,北京国枫(上海)律师事务所
002620,广东华商律师事务所
002621,北京市中伦律师事务所
002622,北京冠衡(长春)律师事务所
002623,江苏金牌律师事务所
002624,北京市中伦律师事务所
002625,北京市嘉源律师事务所
002626,福建至理律师事务所
002627,湖北前锋律师事务所
002628,北京大成(上海)律师事务所
002629,福建至理律师事务所
002630,北京康达(成都)律师事务所
002631,北京市康达律师事务所
002632,浙江六和律师事务所
002633,北京市天元(深圳)律师事务所
002634,国浩律师(杭州)事务所
002635,国浩律师(上海)事务所
002636,北京市天元律师事务所
002637,上海市锦天城律师事务所
002638,广东君信律师事务所
002639,北京市观韬律师事务所
002640,国浩律师(北京)事务所
002641,国浩律师(杭州)事务所
002642,北京市竞天公诚律师事务所
002643,上海市方达(北京)律师事务所
002644,甘肃经天地律师事务所
002645,上海市广发律师事务所
002646,北京国枫律师事务所
002647,北京市中伦(深圳)律师事务所
002648,上海市瑛明律师事务所
002649,北京市汉坤律师事务所
002650,湖南启元律师事务所
002651,北京大成律师事务所
002652,北京德恒律师事务所
002653,北京市中伦(深圳)律师事务所
002654,国浩律师(深圳)事务所
002655,北京海润天睿律师事务所
002656,北京市金杜律师事务所
002657,北京大成律师事务所
002658,北京市康达律师事务所
002659,上海市通力律师事务所
002660,国浩律师(深圳)事务所
002661,湖南启元律师事务所
002662,北京市嘉源律师事务所
002663,北京市中伦(广州)律师事务所
002664,北京德恒律师事务所
002665,北京市浩天信和律师事务所
002666,北京市君泽君律师事务所
002667,北京德恒律师事务所
002668,北京市金杜律师事务所
002669,北京市通商律师事务所上海分所
002670,广东信达律师事务所
002671,北京市康达律师事务所
002672,北京国枫(深圳)律师事务所
002673,北京金诚同达律师事务所西安分所
002674,北京国枫凯文律师事务所
002675,北京市中伦律师事务所
002676,北京国枫(深圳)律师事务所
002677,浙江天册律师事务所
002678,北京大成(广州)律师事务所
002679,北京市中银(深圳)律师事务所
002680,北京市万商天勤律师事务所
002681,广东宝城律师事务所
002682,北京德恒律师事务所
002683,北京大成(广州)律师事务所
002684,国浩律师(广州)事务所
002685,江苏金匮律师事务所
002686,北京国枫(上海)律师事务所
002687,国浩律师(上海)事务所
002688,北京市华联律师事务所
002689,辽宁良友律师事务所
002690,安徽天禾律师事务所
002691,北京德恒律师事务所
002692,北京市中银律师事务所
002693,北京市中伦律师事务所
002694,上海市锦天城律师事务所
002695,北京市盈科(南昌)律师事务所
002696,国浩律师(南宁)事务所
002697,北京市金杜律师事务所
002698,黑龙江高盛律师集团事务所
002699,广东华商律师事务所
002700,北京市通商律师事务所
002701,北京市金杜律师事务所
002702,福建至理律师事务所
002703,金杜律师事务所
002705,北京国枫律师事务所
002706,国浩律师(上海)事务所
002707,北京市金杜律师事务所
002708,北京市金杜律师事务所
002709,北京国枫律师事务所
002711,广东信达律师事务所
002712,浙江天册律师事务所
002713,国浩律师(上海)事务所
002714,北京市康达律师事务所
002715,广东君信律师事务所
002716,湖南启元律师事务所
002717,北京市君合(广州)律师事务所
002718,上海市锦天城律师事务所
002719,北京懋德律师事务所
002721,北京市金杜律师事务所
002722,北京市中伦律师事务所
002723,北京市天元(深圳)律师事务所
002724,广东华商律师事务所
002725,北京市中伦律师事务所
002726,北京信美律师事务所
002727,北京市竞天公诚律师事务所
002728,国浩律师(深圳)事务所
002729,北京德恒律师事务所
002730,北京大成(上海)律师事务所
002731,北京金诚同达律师事务所沈阳分所
002732,北京市君合(广州)律师事务所
002733,北京市盈科(深圳)律师事务所
002734,上海市锦天城(深圳)律师事务所
002735,北京市竞天公诚律师事务所
002736,北京市天元律师事务所
002737,北京市天元律师事务所
002738,北京市嘉源律师事务所
002739,北京市天元律师事务所
002740,北京市金杜律师事务所
002741,北京市中伦(广州)律师事务所
002742,重庆天乾律师事务所
002743,安徽承义律师事务所
002745,上海市锦天城(深圳)律师事务所
002746,上海市锦天城律师事务所
002747,北京市中伦律师事务所
002748,北京天驰君泰律师事务所
002749,北京市康达律师事务所
002750,刘胡乐律师事务所
002751,北京国枫(深圳)律师事务所
002752,福建至理律师事务所
002753,广东华商律师事务所
002755,北京市中伦(深圳)律师事务所
002756,上海市通力律师事务所
002757,广东君信律师事务所
002758,上海市广发律师事务所
002759,德恒上海律师事务所
002760,北京国枫律师事务所
002761,湖南启元律师事务所
002762,北京市中伦(广州)律师事务所
002763,北京市康达律师事务所
002765,中豪律师集团(重庆)律师事务所
002766,北京市通商(深圳)律师事务所
002767,浙江天册律师事务所
002768,上海市联合律师事务所
002769,广东华商律师事务所
002770,北京市嘉源律师事务所
002771,北京市康达律师事务所
002772,国浩律师(北京)事务所
002773,北京市通商(深圳)律师事务所
002774,北京德恒(深圳)律师事务所
002775,北京国枫律师事务所
002776,广东信达律师事务所
002777,北京国枫(深圳)律师事务所
002778,北京市中伦律师事务所
002779,德恒上海律师事务所
002780,北京懋德律师事务所
002781,广东华商律师事务所
002782,北京市金杜律师事务所
002783,上海市君悦(深圳)律师事务所
002785,北京市金杜律师事务所
002786,广东君信律师事务所
002787,北京市中伦(深圳)律师事务所
002788,福建新世通律师事务所
002789,北京国枫(深圳)律师事务所
002790,上海市通力律师事务所
002791,北京国枫律师事务所
002792,北京市中伦(深圳)律师事务所
002793,国浩律师(杭州)事务所
002795,国浩律师(杭州)事务所
002796,上海市锦天城(南京)律师事务所
002797,国浩律师(深圳)事务所
002798,北京市金杜律师事务所
002799,北京市天元律师事务所
002800,国浩律师(乌鲁木齐)事务所
002801,浙江天册律师事务所
002802,江苏世纪同仁律师事务所
002803,北京市康达律师事务所
002805,北京德和衡律师事务所
002806,广东君信律师事务所
002807,江苏世纪同仁律师事务所
002808,北京国枫律师事务所
002809,广东君信律师事务所
002810,北京市齐致(济南)律师事务所
002811,北京市中伦(深圳)律师事务所
002812,国浩律师(上海)事务所
002813,北京市中伦(深圳)律师事务所
002815,北京市中伦(深圳)律师事务所
002816,广东华商律师事务所
002817,国浩律师(北京)事务所
002818,北京市金杜律师事务所
002819,北京市中伦律师事务所
002820,北京市君合律师事务所
002821,北京德恒律师事务所
002822,广东华商律师事务所
002823,国浩律师(深圳)事务所
002824,国浩律师(深圳)事务所
002825,北京市中伦(上海)律师事务所
002826,北京国枫律师事务所
002827,北京大成律师事务所
002828,北京市天兆雨田律师事务所
002829,北京市康达律师事务所
002830,北京市通商(深圳)律师事务所
002831,北京市中伦(广州)律师事务所
002832,北京国枫律师事务所
002833,国浩律师(深圳)事务所
002835,广东信达律师事务所
002836,广东华商律师事务所
002837,广东信达律师事务所
002838,北京国枫律师事务所
002839,国浩律师(上海)事务所
002840,北京市天元律师事务所
002841,北京市君合(广州)律师事务所
002842,北京市竞天公诚律师事务所
002843,湖南启元律师事务所
002845,北京德恒(深圳)律师事务所
002846,北京国枫律师事务所
002847,湖南启元律师事务所
002848,湖南启元律师事务所
002849,国浩律师(杭州)事务所
002850,广东信达律师事务所
002851,北京市嘉源律师事务所
002852,湖南启元律师事务所
002853,广东诺钧律师事务所
002855,上海市方达(深圳)律师事务所
002856,广东华商(长沙)律师事务所
002857,北京市君合律师事务所
002858,国浩律师(上海)事务所
002859,北京国枫(上海)律师事务所
002860,上海市锦天城律师事务所
002861,北京市康达律师事务所
002862,北京市君合(深圳)律师事务所
002863,上海市锦天城律师事务所
002864,北京市时代九和律师事务所
002865,北京市天元律师事务所
002866,江苏世纪同仁律师事务所
002867,北京市君合(深圳)律师事务所
002868,国浩律师(上海)事务所
002869,北京市中伦律师事务所
002870,北京德恒(深圳)律师事务所
002871,北京国枫律师事务所
002872,北京市中银律师事务所
002873,北京德恒律师事务所
002875,北京市金杜律师事务所
002876,国浩律师(深圳)事务所
002877,北京市天元律师事务所
002878,北京市中伦律师事务所
002879,北京海润天睿律师事务所
002880,上海市锦天城(深圳)律师事务所
002881,上海市君悦(深圳)律师事务所
002882,北京德恒律师事务所
002883,国浩律师(上海)事务所
002884,北京大成(广州)律师事务所
002885,北京市康达律师事务所
002886,北京市天元(深圳)律师事务所
002887,北京国枫律师事务所
002888,广东信达律师事务所
002889,北京市中伦律师事务所
002890,北京市君合律师事务所
002891,北京国枫律师事务所
002892,国浩律师(深圳)事务所
002893,北京德恒律师事务所
002895,四川中一律师事务所
002896,浙江天册律师事务所
002897,上海市锦天城律师事务所
002898,北京市康达律师事务所
002899,北京德和衡律师事务所
002900,北京市中伦律师事务所
002901,上海市锦天城律师事务所
002902,广州华商律师事务所
002903,湖南启元律师事务所
002905,北京市中伦律师事务所
002906,北京市通商律师事务所
002907,北京懋德律师事务所
002908,广东尚玖律师事务所
002909,北京市中伦律师事务所
002910,甘肃正天合律师事务所
002911,北京市君合律师事务所
002912,北京市君合律师事务所
002913,北京市金杜律师事务所
002915,北京市时代九和律师事务所
002916,北京市康达律师事务所
002917,北京国枫律师事务所
002918,北京市康达律师事务所
002919,北京市君泽君律师事务所
002920,国浩律师(深圳)事务所
002921,北京大成律师事务所
002922,北京市中伦律师事务所
002923,广东广信君达律师事务所
002925,福建至理律师事务所
002926,北京市中伦律师事务所
002927,广东信达律师事务所
002928,北京市金杜律师事务所
002929,北京国枫律师事务所
002930,国浩律师(深圳)事务所
002931,浙江天册律师事务所
002932,北京大成律师事务所
002933,北京市康达律师事务所
002935,北京市康达律师事务所
002936,"北京市金杜律师事务所,金杜律师事务所"
002937,北京市中伦律师事务所
002938,上海市方达律师事务所
002939,北京国枫律师事务所
002940,浙江天册律师事务所
002941,北京德恒律师事务所
002942,上海东方华银律师事务所
002943,上海市锦天城律师事务所
002945,北京金诚同达律师事务所
002946,北京市金杜律师事务所
002947,北京市中伦律师事务所
002948,北京市金杜律师事务所
002949,北京大成律师事务所
002950,北京市嘉源律师事务所
002951,北京市中伦律师事务所
002952,北京市嘉源律师事务所
002953,北京市金杜律师事务所
002955,北京国枫律师事务所
002956,广东信达律师事务所
002957,国浩律师(深圳)事务所
002958,江苏世纪同仁律师事务所
002959,北京国枫律师事务所
002960,北京市中咨律师事务所
002961,北京市中伦律师事务所
002962,北京德恒律师事务所
002963,北京市金杜律师事务所
002965,北京市中伦律师事务所
002966,北京市金杜律师事务所
002967,广东南国德赛律师事务所
003816,北京市金杜律师事务所
300001,山东众成清泰(青岛)律师事务所
300002,北京市天元律师事务所
300003,北京市中伦律师事务所
300004,广东君信律师事务所
300005,北京市尚公律师事务所
300006,北京市中伦律师事务所
300007,国信信扬律师事务所
300008,上海市通力律师事务所
300009,安徽天禾律师事务所
300010,北京市金杜律师事务所
300011,北京金诚同达律师事务所
300012,广东华商律师事务所
300013,北京海润天睿律师事务所
300014,广东卓凡律师事务所
300015,湖南启元律师事务所
300016,北京市浩天信和律师事务所
300017,国浩律师(上海)事务所
300018,上海市瑛明律师事务所
300019,国浩律师(成都)事务所
300020,上海市锦天城律师事务所
300021,甘肃正天合律师事务所
300022,北京市金杜律师事务所
300023,北京大成(西安)律师事务所
300024,辽宁同泽律师事务所
300025,国浩律师(杭州)事务所
300026,北京市康达律师事务所
300027,北京市时代九和律师事务所
300028,国浩律师(成都)事务所
300029,北京金诚同达(上海)律师事务所
300030,北京市中伦(广州)律师事务所
300031,江苏世纪同仁律师事务所
300032,北京海润天睿律师事务所
300033,浙江天册律师事务所
300034,北京市中咨律师事务所
300035,北京市康达律师事务所
300036,北京市天元律师事务所
300037,北京市中伦(深圳)律师事务所
300038,北京市时代九和律师事务所
300039,上海市通力律师事务所
300040,北京大成(哈尔滨)律师事务所
300041,国浩律师(武汉)事务所
300042,国浩律师(深圳)事务所
300043,国浩律师(广州)事务所
300044,北京市中伦(深圳)律师事务所
300045,北京市金杜律师事务所
300046,福建天衡联合(福州)律师事务所
300047,国浩律师(深圳)事务所
300048,北京市中伦律师事务所
300049,北京市京都律师事务所
300050,广东信达律师事务所
300051,上海市锦天城(厦门)律师事务所
300052,北京市中伦(深圳)律师事务所
300053,国浩律师(深圳)事务所
300054,北京中伦(武汉)律师事务所
300055,北京懋德律师事务所
300056,北京国枫(深圳)律师事务所
300057,北京海润天睿律师事务所
300058,北京安新律师事务所
300059,国浩律师(上海)事务所
300061,金茂凯德律师事务所
300062,北京大成(福州)律师事务所
300063,北京国枫律师事务所
300064,上海市锦天城律师事务所
300065,北京市中伦律师事务所
300066,北京市君致律师事务所
300067,上海市光大律师事务所
300068,上海市锦天城律师事务所
300069,京衡律师集团事务所
300070,北京市齐致律师事务所
300071,北京市金杜律师事务所
300072,北京国枫律师事务所
300073,北京市中伦律师事务所
300074,国浩律师(上海)事务所
300075,北京市康达律师事务所
300076,金茂凯德律师事务所
300077,广东宝城律师事务所
300078,浙江天册律师事务所
300079,北京汉智律师事务所
300080,北京德恒(深圳)律师事务所
300081,北京市炜衡律师事务所
300082,北京德恒律师事务所
300083,北京德恒律师事务所
300084,上海市锦天城(西安)律师事务所
300085,北京市中银律师事务所
300086,北京大成(广州)律师事务所
300087,安徽天禾律师事务所
300088,安徽承义律师事务所
300089,北京市中伦(广州)律师事务所
300090,北京安生律师事务所
300091,北京海润天睿律师事务所
300092,四川方纬律师事务所
300093,北京国枫(深圳)律师事务所
300094,北京市君泽君(广州)律师事务所
300095,北京市竞天公诚律师事务所
300096,北京市天元律师事务所
300097,北京市京都(大连)律师事务所
300098,广东广信君达律师事务所
300099,北京市德恒(济南)律师事务所
300100,上海市锦天城律师事务所
300101,国浩律师(上海)事务所
300102,北京市海问律师事务所
300103,国浩律师(西安)事务所
300104,北京市金杜律师事务所
300105,北京市纵横律师事务所
300106,北京国枫律师事务所
300107,北京国枫律师事务所
300108,北京市天元律师事务所
300109,北京市中伦律师事务所
300110,文康律师事务所
300111,国浩律师(杭州)事务所
300112,广东信达律师事务所
300113,上海市金茂律师事务所
300114,北京市嘉源律师事务所
300115,北京市金杜律师事务所
300116,上海市锦天城(西安)律师事务所
300117,北京市竞天公诚律师事务所
300118,浙江和义观达律师事务所
300119,北京市康达律师事务所
300120,天津嘉德恒时律师事务所
300121,北京市中银律师事务所
300122,北京市金杜律师事务所
300123,湖南启元律师事务所
300124,北京市中伦(深圳)律师事务所
300125,辽宁大东律师事务所
300126,上海市锦天城律师事务所
300127,北京金诚同达(成都)律师事务所
300128,国浩律师(上海)事务所
300129,国浩律师(上海)事务所
300130,北京市中伦(深圳)律师事务所
300131,北京国枫(深圳)律师事务所
300132,上海市锦天城律师事务所
300133,国浩律师(杭州)事务所
300134,广东信达律师事务所
300135,国浩律师(上海)事务所
300136,广东东方昆仑律师事务所
300137,北京市时代九和律师事务所
300138,北京市中伦律师事务所
300139,北京市康达律师事务所
300140,北京金诚同达律师事务所西安分所
300141,江苏益友天元律师事务所
300142,北京国枫(深圳)律师事务所
300143,广东信达律师事务所
300144,浙江六和律师事务所
300145,浙江天册律师事务所
300146,国浩律师(广州)事务所
300147,北京大成(广州)律师事务所
300148,湖南启元律师事务所
300149,北京国枫(深圳)律师事务所
300150,北京海润天睿律师事务所
300151,国浩律师(深圳)事务所
300152,北京市竞天公诚律师事务所
300153,国浩律师(上海)事务所
300154,北京德恒(深圳)律师事务所
300155,国浩律师(广州)事务所
300156,北京市万商天勤律师事务所
300157,北京市中伦律师事务所
300158,山西华炬律师事务所
300159,北京市天兆雨田律师事务所
300160,国浩律师(南京)事务所
300161,北京市嘉源律师事务所
300162,广东宝城律师事务所
300163,北京大成(上海)律师事务所
300164,北京大成(西安)律师事务所
300165,上海市广发律师事务所
300166,北京市金杜律师事务所
300167,北京国枫(深圳)律师事务所
300168,上海市锦天城律师事务所
300169,国浩律师(上海)事务所
300170,金茂凯德律师事务所
300171,北京市君致律师事务所
300172,浙江六和律师事务所
300173,北京市天元(深圳)律师事务所
300174,福建武夷律师事务所
300175,北京市中伦律师事务所
300176,北京市中伦(广州)律师事务所
300177,国信信扬律师事务所
300178,北京市观韬(深圳)律师事务所
300179,北京市华城律师事务所
300180,北京海润天睿律师事务所
300181,上海东方华银律师事务所
300182,北京国枫(深圳)律师事务所
300183,北京市金杜律师事务所
300184,湖北华隽律师事务所
300185,北京国枫律师事务所
300187,湖南启元律师事务所
300188,北京大成(厦门)律师事务所
300189,北京市中伦(深圳)律师事务所
300190,北京市君合(深圳)律师事务所
300191,北京大成律师事务所
300192,国浩律师(上海)事务所
300193,北京市中伦(深圳)律师事务所
300194,上海东方华银律师事务所
300195,北京市金杜律师事务所
300196,北京市环球律师事务所
300197,国浩律师(深圳)事务所
300198,国浩律师(福州)事务所
300199,国浩律师(深圳)事务所
300200,泰和泰(北京)律师事务所
300201,江苏世纪同仁律师事务所
300202,北京德恒律师事务所
300203,上海市通力律师事务所
300204,北京市康达律师事务所
300205,北京中伦(武汉)律师事务所
300206,北京市天元(深圳)律师事务所
300207,广东信达律师事务所
300208,国浩律师(上海)事务所
300209,上海市广发律师事务所
300210,北京市观韬律师事务所
300211,上海东方华银律师事务所
300212,北京市海勤律师事务所
300213,北京市中伦律师事务所
300214,山东德衡(济南)律师事务所
300215,上海市锦天城律师事务所
300216,北京国枫律师事务所
300217,江苏世纪同仁律师事务所
300218,安徽天禾律师事务所
300219,北京市中伦(广州)律师事务所
300220,广东信达律师事务所
300221,北京国枫律师事务所
300222,安徽征宇律师事务所
300223,北京市中伦(深圳)律师事务所
300224,山东晟宇律师事务所
300225,北京市嘉源律师事务所上海分所
300226,上海市上正律师事务所
300227,北京德恒(深圳)律师事务所
300228,上海市通力律师事务所
300229,北京市天元律师事务所
300230,北京市天元律师事务所
300231,北京市岳成律师事务所
300232,北京市康达律师事务所
300233,北京市金杜律师事务所
300234,上海市锦天城律师事务所
300235,广东五维律师事务所
300236,北京大成律师事务所
300237,北京市浩天信和律师事务所
300238,国浩律师(广州)事务所
300239,经世律师事务所
300240,江苏王建华律师事务所
300241,北京市中伦(深圳)律师事务所
300242,广东君厚律师事务所
300243,北京国枫律师事务所
300244,北京德恒(杭州)律师事务所
300245,上海市锦天城律师事务所
300246,广东精诚粤衡律师事务所
300247,安徽睿正律师事务所
300248,北京国枫律师事务所
300249,北京市百宸律师事务所
300250,北京观韬中茂律师事务所
300251,北京国枫律师事务所
300252,北京市金杜律师事务所
300253,上海市广发律师事务所
300254,国浩律师(上海)事务所
300255,北京国枫(深圳)律师事务所
300256,北京国枫律师事务所
300257,国浩律师(杭州)事务所
300258,上海市锦天城律师事务所
300259,北京市君合律师事务所
300260,国浩律师(南京)事务所
300261,北京国枫(上海)律师事务所
300262,上海市广发律师事务所
300263,北京市中伦律师事务所
300264,北京金诚同达(深圳)律师事务所
300265,江苏联佑律师事务所
300266,北京市观韬律师事务所
300267,湖南启元律师事务所
300268,湖南博鳌律师事务所
300269,上海市锦天城(深圳)律师事务所
300270,浙江浙经律师事务所
300271,北京市伟拓律师事务所
300272,国浩律师(上海)事务所
300273,广东精诚粤衡律师事务所
300274,上海市通力律师事务所
300275,北京市康达律师事务所
300276,北京国枫律师事务所
300277,北京海润天睿律师事务所
300278,国浩律师(武汉)事务所
300279,北京市中伦(上海)律师事务所
300280,北京大成(上海)律师事务所
300281,国浩律师(广州)事务所
300282,北京市天元律师事务所
300283,北京德恒律师事务所
300284,国浩律师(上海)事务所
300285,北京天达共和律师事务所
300286,国浩律师(杭州)事务所
300287,北京市君致律师事务所
300288,北京市君合律师事务所
300289,北京市易和律师事务所
300290,北京德恒律师事务所
300291,北京大成律师事务所
300292,国浩律师(上海)事务所
300293,北京市嘉源律师事务所上海分所
300294,北京大成律师事务所
300295,国浩律师(南京)事务所
300296,北京大成律师事务所
300297,北京国枫律师事务所
300298,北京国枫律师事务所
300299,福建君立律师事务所
300300,国浩律师(杭州)事务所
300301,广东信达律师事务所
300302,北京国枫律师事务所
300303,广东生龙律师事务所
300304,北京市康达律师事务所
300305,北京市金杜律师事务所
300306,浙江六和律师事务所
300307,北京国枫律师事务所
300308,山东龙博律师事务所
300309,北京市君合律师事务所
300310,北京市君合(广州)律师事务所
300311,北京国枫(深圳)律师事务所
300312,北京国枫律师事务所
300313,新疆天阳律师事务所
300314,北京市金杜律师事务所
300315,北京市中伦律师事务所
300316,国浩律师(杭州)事务所
300317,北京市中伦(深圳)律师事务所
300318,北京国枫律师事务所
300319,广东华商律师事务所
300320,上海市广发律师事务所
300321,北京德和衡律师事务所
300322,北京金诚同达(深圳)律师事务所
300323,国浩律师(上海)事务所
300324,北京大成律师事务所
300325,江苏长三角律师事务所
300326,上海市广发律师事务所
300327,上海市锦天城律师事务所
300328,湖南启元律师事务所
300329,国浩律师(杭州)事务所
300330,上海普世律师事务所
300331,国浩律师(上海)事务所
300332,北京市中伦律师事务所
300333,国浩律师(深圳)事务所
300334,北京市君合律师事务所
300335,北京市康达律师事务所
300336,上海市通力律师事务所
300337,江苏世纪同仁律师事务所
300338,湖南君卓律师事务所
300339,江苏世纪同仁律师事务所
300340,上海市锦天城(深圳)律师事务所
300341,上海市通力律师事务所
300342,北京大成律师事务所
300343,国浩律师(上海)事务所
300344,北京大成律师事务所
300345,湖南启元律师事务所
300346,北京国枫律师事务所
300347,北京市嘉源律师事务所上海分所
300348,上海市锦天城(深圳)律师事务所
300349,北京金诚同达律师事务所
300350,广东华商律师事务所
300351,国浩律师(杭州)事务所
300352,北京海润天睿律师事务所
300353,北京市竞天公诚律师事务所
300354,北京市君致律师事务所
300355,经世律师事务所
300356,北京海润天睿律师事务所
300357,上海市通力律师事务所
300358,湖南启元律师事务所
300359,北京市康达律师事务所
300360,上海市锦天城律师事务所
300362,北京市金杜律师事务所
300363,北京市万商天勤律师事务所
300364,北京市康达律师事务所
300365,北京观韬中茂律师事务所
300366,北京国枫律师事务所
300367,北京国枫律师事务所
300368,国浩律师(北京)事务所
300369,北京市金杜律师事务所
300370,北京市大地律师事务所
300371,北京市中伦律师事务所
300373,江苏泰和律师事务所
300374,北京市中伦律师事务所
300375,北京国枫律师事务所
300376,上海市锦天城(深圳)律师事务所
300377,广东华商律师事务所
300378,北京海润天睿律师事务所
300379,北京国枫律师事务所
300380,上海君澜律师事务所
300381,北京德恒(深圳)律师事务所
300382,江苏立泰律师事务所
300383,北京市嘉源律师事务所
300384,北京市竞天公诚律师事务所
300385,远闻(上海)律师事务所
300386,北京市盈科律师事务所
300387,北京大成律师事务所
300388,北京市康达律师事务所
300389,北京德恒(深圳)律师事务所
300390,安徽承义律师事务所
300391,北京市中瑞律师事务所
300392,北京市中伦律师事务所
300393,国浩律师(杭州)事务所
300394,江苏世纪同仁律师事务所
300395,北京盈科(武汉)律师事务所
300396,北京国枫律师事务所
300397,北京市中伦律师事务所
300398,上海市通力律师事务所
300399,上海市通力律师事务所
300400,广东信达律师事务所
300401,北京市浩天信和律师事务所
300402,北京观韬(西安)律师事务所
300403,广东君信律师事务所
300404,广东中信协诚律师事务所
300405,北京市康达律师事务所
300406,北京市中尊律师事务所
300407,北京万贝律师事务所
300408,君合律师事务所上海分所
300409,北京市中伦律师事务所
300410,广东信达律师事务所
300411,浙江天册律师事务所
300412,北京德恒(杭州)律师事务所
300413,北京市君合律师事务所
300414,泰和泰律师事务所
300415,北京海润天睿律师事务所
300416,北京国枫律师事务所
300417,北京市中伦(广州)律师事务所
300418,北京市天元律师事务所
300419,北京国枫律师事务所
300420,北京国枫律师事务所
300421,国浩律师(上海)事务所
300422,北京市中伦律师事务所
300423,北京谦彧律师事务所
300424,国浩律师(深圳)事务所
300425,国浩律师(上海)事务所
300426,北京市竞天公诚律师事务所
300427,北京市尚公律师事务所
300428,北京市中伦律师事务所
300429,北京市天元律师事务所
300430,北京市浩天信和律师事务所
300431,北京市环球律师事务所
300432,北京市康达律师事务所
300433,广东信达律师事务所
300434,上海市锦天城律师事务所
300435,浙江浙经律师事务所
300436,国浩律师(上海)事务所
300437,北京市嘉源律师事务所
300438,北京市君泽君(广州)律师事务所
300439,国浩律师(杭州)事务所
300440,北京中伦(成都)律师事务所
300441,德恒上海律师事务所
300442,北京市中伦律师事务所
300443,北京德和衡律师事务所
300444,北京海润天睿律师事务所
300445,北京市天元律师事务所
300446,北京市康达律师事务所
300447,北京金诚同达律师事务所西安分所
300448,广东信达律师事务所
300449,北京市君合律师事务所
300450,上海市锦天城律师事务所
300451,北京市天元律师事务所
300452,安徽天禾律师事务所
300453,江西华邦律师事务所
300454,北京市金杜律师事务所
300455,北京市时代九和律师事务所
300456,北京市中伦律师事务所
300457,广东华商律师事务所
300458,广东信达律师事务所
300459,北京市金杜律师事务所
300460,广东君信律师事务所
300461,北京高朋律师事务所
300462,上海段和段律师事务所
300463,上海市锦天城律师事务所
300464,广东信达律师事务所
300465,北京市竞天公诚律师事务所
300466,国浩律师(深圳)事务所
300467,北京市金杜律师事务所
300468,北京市金杜律师事务所
300469,国浩律师(上海)事务所
300470,北京市金杜律师事务所
300471,北京中伦(成都)律师事务所
300472,北京市天元律师事务所
300473,北京市君致律师事务所
300474,广东华商律师事务所
300475,北京市天元律师事务所
300476,广东信达律师事务所
300477,国浩律师(北京)事务所
300478,上海市锦天城律师事务所
300479,北京市中伦律师事务所
300480,北京市天元(深圳)律师事务所
300481,北京市嘉源律师事务所
300482,北京市中伦(广州)律师事务所
300483,国浩律师(上海)事务所
300484,北京市中伦(深圳)律师事务所
300485,北京市康达律师事务所
300486,国浩律师(上海)事务所
300487,北京德恒律师事务所
300488,国浩律师(杭州)事务所
300489,北京市尚公律师事务所
300490,湖南启元律师事务所
300491,北京纬文律师事务所
300492,北京国枫律师事务所
300493,上海市通力律师事务所
300494,湖北祥平律师事务所
300495,北京金诚同达(上海)律师事务所
300496,北京市金杜律师事务所
300497,北京国枫律师事务所
300498,北京市嘉源律师事务所
300499,北京市中伦(深圳)律师事务所
300500,江苏竹辉律师事务所
300501,湖南启元律师事务所
300502,北京国枫律师事务所
300503,北京市康达律师事务所
300504,北京市金杜律师事务所
300505,国浩律师(深圳)事务所
300506,北京市金杜律师事务所
300507,上海市联合律师事务所
300508,君合律师事务所上海分所
300509,国浩律师(上海)事务所
300510,北京市金杜律师事务所
300511,国浩律师(上海)事务所
300512,浙江天册律师事务所
300513,北京市天元律师事务所
300514,国浩律师(深圳)事务所
300515,湖南启元律师事务所
300516,北京市时代九和律师事务所
300517,湖北瑞通天元律师事务所
300518,北京市金杜律师事务所
300519,上海市锦天城律师事务所
300520,安徽天禾律师事务所
300521,湖南启元律师事务所
300522,上海市锦天城律师事务所
300523,上海市锦天城律师事务所
300525,北京市中伦律师事务所
300526,广东信达律师事务所
300527,北京盈科(武汉)律师事务所
300528,国浩律师(南京)事务所
300529,国浩律师(深圳)事务所
300530,北京市中伦(广州)律师事务所
300531,北京市中伦(深圳)律师事务所
300532,上海市锦天城(深圳)律师事务所
300533,国浩律师(深圳)事务所
300534,甘肃正天合律师事务所
300535,北京康达(成都)律师事务所
300536,湖北山河律师事务所
300537,湖南启元律师事务所
300538,北京市中伦(深圳)律师事务所
300539,浙江六和律师事务所
300540,北京市中伦律师事务所
300541,北京市天元律师事务所
300542,国浩律师(北京)事务所
300543,北京德恒(深圳)律师事务所
300545,国浩律师(深圳)事务所
300546,北京市金杜律师事务所
300547,北京万商天勤(成都)律师事务所
300548,国浩律师(北京)事务所
300549,北京海润天睿律师事务所
300550,浙江天册律师事务所
300551,国浩律师(上海)事务所
300552,北京市天元律师事务所
300553,国浩律师(杭州)事务所
300554,北京国枫律师事务所
300555,北京市中伦(上海)律师事务所
300556,北京市金杜律师事务所
300557,北京市中伦律师事务所
300558,国浩律师(杭州)事务所
300559,北京纬文律师事务所
300560,北京国枫律师事务所
300561,广东精诚粤衡律师事务所
300562,北京市金杜律师事务所
300563,上海市广发律师事务所
300564,国浩律师(深圳)事务所
300565,上海市锦天城(深圳)律师事务所
300566,北京市中伦律师事务所
300567,北京大成律师事务所
300568,北京市金杜律师事务所
300569,北京德和衡律师事务所
300570,广东深天成律师事务所
300571,北京市中伦律师事务所
300572,北京市中伦(深圳)律师事务所
300573,北京市竞天公诚律师事务所
300575,北京市浩天信和律师事务所
300576,国浩律师(深圳)事务所
300577,国浩律师(上海)事务所
300578,德恒上海律师事务所
300579,北京市天元律师事务所
300580,北京大成(上海)律师事务所
300581,北京德恒律师事务所
300582,北京市德恒律师事务所杭州分所
300583,国浩律师(杭州)事务所
300584,江苏世纪同仁律师事务所
300585,江苏世纪同仁律师事务所
300586,国浩律师(深圳)事务所
300587,浙江六和律师事务所
300588,上海锦天城律师事务所
300589,广东信达律师事务所
300590,上海市锦天城律师事务所
300591,广东志润律师事务所
300592,湖南启元律师事务所
300593,北京市康达律师事务所
300594,江苏世纪同仁律师事务所
300595,安徽天禾律师事务所
300596,北京市中伦律师事务所
300597,上海市瑛明律师事务所
300598,北京市中伦(深圳)律师事务所
300599,广东中信顺成律师事务所
300600,北京国枫律师事务所
300601,北京市中伦(深圳)律师事务所
300602,广东信达律师事务所
300603,新疆柏坤亚宣律师事务所
300604,国浩律师(杭州)事务所
300605,上海市锦天城律师事务所
300606,国浩律师(深圳)事务所
300607,北京市君泽君律师事务所
300608,国浩律师(北京)事务所
300609,国浩律师(上海)事务所
300610,上海锦天城律师事务所
300611,国浩律师(上海)事务所
300612,国浩律师(北京)事务所
300613,北京市金杜律师事务所
300615,上海市锦天城律师事务所
300616,北京市金杜律师事务所
300617,北京市中伦律师事务所
300618,北京国枫(深圳)律师事务所
300619,北京市中银(上海)律师事务所
300620,广东精诚粤衡律师事务所
300621,广东广和律师事务所
300622,国浩律师(深圳)事务所
300623,北京市中银(上海)律师事务所
300624,北京国枫律师事务所
300625,北京市君合(广州)律师事务所
300626,北京市金杜律师事务所
300627,国浩律师(杭州)事务所
300628,北京大成(厦门)律师事务所
300629,北京市嘉源律师事务所
300630,北京德恒(杭州)律师事务所
300631,北京国枫(深圳)律师事务所
300632,北京国枫律师事务所
300633,北京市中伦(深圳)律师事务所
300634,北京市君合律师事务所
300635,广东金桥百信律师事务所
300636,上海市通力律师事务所
300637,德恒上海律师事务所
300638,广东信达律师事务所
300639,广东信达律师事务所
300640,福建天衡联合律师事务所
300641,国浩律师(南京)事务所
300642,上海市广发律师事务所
300643,北京德恒律师事务所
300644,江苏世纪同仁律师事务所
300645,浙江天册律师事务所
300647,国浩律师(深圳)事务所
300648,福建至理律师事务所
300649,北京尚公(杭州)律师事务所
300650,北京市君合律师事务所
300651,国浩律师(上海)事务所
300652,上海锦天城律师事务所
300653,北京市金杜律师事务所
300654,北京市康达律师事务所
300655,北京市万商天勤律师事务所
300656,广东华商律师事务所
300657,上海市通力律师事务所
300658,北京国枫律师事务所
300659,北京天驰君泰律师事务所
300660,北京市中伦律师事务所
300661,北京市君合律师事务所
300662,北京市金杜律师事务所
300663,北京国枫律师事务所
300664,上海市锦天城律师事务所
300665,江西华邦律师事务所
300666,国浩律师(上海)事务所
300667,北京市金杜律师事务所
300668,泰和泰(深圳)律师事务所
300669,国浩律师(杭州)事务所
300670,江苏世纪同仁律师事务所
300671,国浩律师(深圳)事务所
300672,湖南启元律师事务所
300673,北京盈科(上海)律师事务所
300674,北京市天元律师事务所
300675,北京德恒律师事务所
300676,国浩律师(深圳)事务所
300677,上海泽昌律师事务所
300678,北京市天元律师事务所
300679,北京市中伦律师事务所
300680,上海市锦天城律师事务所
300681,北京国枫(深圳)律师事务所
300682,北京市君合律师事务所
300683,北京大成律师事务所
300684,北京国枫律师事务所
300685,上海锦天城律师事务所
300686,广东信达律师事务所
300687,上海锦天城律师事务所
300688,上海市通力律师事务所
300689,北京市中伦律师事务所
300690,北京市大嘉(德州)律师事务所
300691,国浩律师(深圳)事务所
300692,安徽天禾律师事务所
300693,北京市中伦律师事务所
300694,上海市广发律师事务所
300695,北京国枫律师事务所
300696,四川信言律师事务所
300697,上海市广发律师事务所
300698,浙江天册律师事务所
300699,北京国枫律师事务所
300700,湖南启元律师事务所
300701,广东华商律师事务所
300702,浙江天册律师事务所
300703,广东晟典律师事务所
300705,湖南启元律师事务所
300706,国浩律师(上海)事务所
300707,北京市中伦律师事务所
300708,安徽承义律师事务所
300709,国浩律师(上海)事务所
300710,北京市通商律师事务所
300711,广东南国德赛律师事务所
300712,北京市中伦律师事务所
300713,上海市锦天城律师事务所
300715,北京国枫律师事务所
300716,北京市京银律师事务所
300717,北京市康达律师事务所
300718,上海精诚申衡律师事务所
300719,北京观韬中茂律师事务所
300720,北京市中伦律师事务所
300721,北京国枫凯文律师事务所
300722,上海市锦天城律师事务所
300723,北京市中伦律师事务所
300724,北京市康达律师事务所
300725,北京国枫律师事务所
300726,北京金杜(成都)律师事务所
300727,北京市中伦律师事务所
300729,国浩律师(上海)事务所
300730,湖南启元律师事务所
300731,广东君言律师事务所
300732,北京市金杜律师事务所
300733,北京德恒律师事务所
300735,北京市中伦律师事务所
300736,北京市康达律师事务所
300737,北京市中伦律师事务所
300738,北京大成律师事务所
300739,北京德恒律师事务所
300740,湖南启元律师事务所
300741,北京市中伦律师事务所
300742,国浩律师(上海)事务所
300743,上海市锦天城律师事务所
300745,广东信达律师事务所
300746,国浩律师(杭州)事务所
300747,广东信达律师事务所
300748,广东华商律师事务所
300749,国浩律师(深圳)事务所
300750,通力律师事务所
300751,国浩律师(南京)事务所
300752,上海市君悦(深圳)律师事务所
300753,北京德恒律师事务所
300755,北京市金杜律师事务所
300756,北京市中伦律师事务所
300757,国浩律师(上海)事务所
300758,北京德恒律师事务所
300759,北京市中伦律师事务所
300760,上海市方达律师事务所
300761,北京市中伦律师事务所
300762,国浩律师(上海)事务所
300763,国浩律师(北京)事务所
300765,北京市君泽君律师事务所
300766,北京市万商天勤律师事务所
300767,国浩律师(上海)事务所
300768,上海市锦天城律师事务所
300769,上海锦天城律师事务所
300770,广东华商律师事务所
300771,上海市锦天城律师事务所
300772,国浩律师(杭州)事务所
300773,北京市中伦律师事务所
300775,北京海润天睿律师事务所
300776,湖北正信律师事务所
300777,北京市海润律师事务所
300778,北京国枫律师事务所
300779,北京市中伦律师事务所
300780,国浩律师(深圳)事务所
300781,北京市金杜律师事务所
300782,北京市天元律师事务所
300783,北京市中伦律师事务所
300785,北京市安理律师事务所
300786,北京德和衡律师事务所
300787,北京市君合律师事务所
300788,北京市中伦律师事务所
300789,北京市金杜律师事务所
300790,国浩律师(广州)事务所
300791,广东信达律师事务所
300792,北京大成律师事务所
300793,国浩律师(杭州)事务所
300795,上海市锦天城律师事务所
300796,北京金诚同达律师事务所
300797,北京海润天睿律师事务所
300799,北京市中伦律师事务所
300800,湖南启元律师事务所
300802,国浩律师(上海)事务所
300803,北京大成律师事务所
300805,北京市君合律师事务所
